id,question,ground_truth_context,ground_truth_answer,source_document,category,sub_category,difficulty,keywords
TERRA_QA_001,"Theo tài liệu tập huấn phòng chống thiên tai, hiểm họa được định nghĩa như thế nào?","Là bất kỳ sự kiện, hiện tượng (do tự nhiên hoặc con người) có khả năng gây tổn thất đến tính mạng, tài sản và đời sống, gây thiệt hại về kinh tế, xã hội và tàn phá môi trường.

> [MÔ TẢ HÌNH ẢNH]: Hình ảnh minh họa một khu vực ven biển với những vách đá và cây cối. Phía dưới là bãi biển với một số người đang đi lại gần những ngôi nhà nhỏ. Bầu trời có mây, và biển có sóng. Hình ảnh này có thể đại diện cho một hiểm họa tự nhiên tiềm tàng hoặc một khu vực dễ bị ảnh hưởng bởi các hiện tượng thời tiết.

Ví dụ: Bão, áp thấp nhiệt đới, lũ lụt, lốc...","Hiểm họa là bất kỳ sự kiện, hiện tượng (do tự nhiên hoặc con người gây ra) có khả năng gây tổn thất đến tính mạng, tài sản, đời sống, gây thiệt hại về kinh tế, xã hội và tàn phá môi trường (ví dụ như bão, áp thấp nhiệt đới, lũ lụt, lốc xoáy...).",0575f59d64e3407fa40049196cd01c5d.md,risk_assessment_mapping,Định nghĩa và phân loại hiểm họa,easy,"hiểm họa, định nghĩa, tự nhiên, con người, tổn thất, bão lũ"
TERRA_QA_002,Khi nào một hiện tượng hiểm họa thiên nhiên sẽ trở thành một thảm họa?,"Hiểm hoạ sẽ trở thành thảm hoạ khi chúng xảy ra ở những nơi có nhiều người sinh sống, hoạt động và gây ra thiệt hại về tính mạng, tài sản và cuộc sống con người.

> [MÔ TẢ HÌNH ẢNH]: Hình ảnh minh họa một khu vực ven biển bị tàn phá. Có nhiều tảng đá lớn nằm rải rác trên bãi biển, cây cối bị đổ hoặc trơ trụi. Cảnh quan trông hoang tàn và bị hư hại nặng nề, gợi lên hậu quả của một thảm họa tự nhiên như bão hoặc lũ lụt.

Ví dụ: Trong bão, lũ lụt có nhiều người chết, bị thương, tài sản gia súc gia cầm bị cuốn trôi.","Hiểm họa sẽ trở thành thảm họa khi chúng xảy ra ở những nơi có nhiều người sinh sống, hoạt động và gây ra thiệt hại thực tế về tính mạng, tài sản và đời sống con người (ví dụ: bão lũ làm chết, bị thương nhiều người, cuốn trôi gia súc và nhà cửa).",0575f59d64e3407fa40049196cd01c5d.md,risk_assessment_mapping,Phân biệt hiểm họa và thảm họa,easy,"thảm họa, hiểm họa, người sinh sống, thiệt hại, tính mạng, tài sản"
TERRA_QA_003,Áp thấp nhiệt đới và bão được phân biệt với nhau như thế nào dựa trên cấp gió?,"Áp thấp nhiệt đới là một xoáy thuận nhiệt đới có sức gió mạnh nhất từ cấp 6 đến cấp 7 và có thể có gió giật.

#### 2.1.2. Bão:

Bão là một xoáy thuận nhiệt đới có sức gió mạnh từ cấp 8 trở lên và có thể có gió giật.","Áp thấp nhiệt đới là xoáy thuận nhiệt đới có sức gió mạnh nhất từ cấp 6 đến cấp 7 (kèm gió giật). Trong khi đó, bão là xoáy thuận nhiệt đới có sức gió mạnh từ cấp 8 trở lên và có thể có gió giật.",0575f59d64e3407fa40049196cd01c5d.md,typhoon_flood,Phân cấp bão và áp thấp nhiệt đới,easy,"áp thấp nhiệt đới, bão, sức gió, cấp 6, cấp 7, cấp 8, xoáy thuận nhiệt đới"
TERRA_QA_004,Các cấp độ bão mạnh và rất mạnh theo quy chuẩn khí tượng được xác định từ cấp gió nào?,"Hiện nay, theo bảng xếp hạng Beaufort, bão được thêm vào từ cấp 13 đến cấp 17.
- Bão từ cấp 10 - cấp 11 gọi là bão mạnh.
- Từ cấp 12 trở lên được gọi là bão rất mạnh.
- Bão đổ bộ là tâm bão đã vào đất liền.
- Bão tan là bão đã suy yếu thành vùng áp thấp, sức gió mạnh nhất dưới cấp 6.","Theo bảng xếp hạng, bão từ cấp 10 đến cấp 11 được gọi là bão mạnh; bão từ cấp 12 trở lên được gọi là bão rất mạnh. Bão tan khi đã suy yếu thành vùng áp thấp có sức gió mạnh nhất dưới cấp 6.",0575f59d64e3407fa40049196cd01c5d.md,typhoon_flood,Phân loại cấp bão theo thang Beaufort,medium,"bão mạnh, bão rất mạnh, cấp 10, cấp 11, cấp 12, bão tan, Beaufort"
TERRA_QA_005,Có mấy loại lũ chính và lũ quét ở miền núi hình thành do những nguyên nhân nào?,"# Có ba loại lũ chính:
## * Lũ quét:
*   Thường xảy ra trên các sông suối ở miền núi
*   Do các trận mưa lớn ở những vùng có độ dốc cao, cây cối bị phá huỷ đất không còn khả năng giữ nước
*   Diễn ra trong thời gian ngắn, dòng nước chảy xiết, xuất hiện nhanh, khó dự báo trước lũ quét xảy ra ở đâu
*   Lũ quét có thể xảy ra khi vỡ hồ, đập","Có 3 loại lũ chính: lũ quét, lũ sông và lũ ven biển. Lũ quét thường xảy ra ở sông suối miền núi do mưa lớn ở vùng độ dốc cao, thảm thực vật bị phá hủy khiến đất mất khả năng giữ nước, hoặc do sự cố vỡ hồ, đập. Lũ quét xuất hiện rất nhanh, dòng chảy xiết trong thời gian ngắn và rất khó dự báo vị trí chính xác.",0575f59d64e3407fa40049196cd01c5d.md,landslide_flashflood,Nhận diện các loại lũ và cơ chế lũ quét,medium,"ba loại lũ, lũ quét, miền núi, độ dốc cao, mất rừng, vỡ đập, chảy xiết"
TERRA_QA_006,Những nguyên tắc an toàn bắt buộc phải tuân thủ khi thực hiện chằng chống nhà cửa trước mùa mưa bão là gì?,"## 2. Nguyên tắc:
- Phải tự bảo vệ mình và những người xung quanh.
- Phải có đầy đủ các trang thiết bị bảo hộ cá nhân.
- Phải cần có sự giúp đỡ của người khác.
- Phải chuẩn bị đầy đủ các vật dụng rồi mới làm.
- Tắt cầu dao điện trước khi chằng nhà
- Chằng nhà trước khi bão xảy ra.","Các nguyên tắc an toàn gồm: (1) Tự bảo vệ mình và người xung quanh; (2) Có đầy đủ trang thiết bị bảo hộ cá nhân; (3) Phải có người hỗ trợ, giúp đỡ; (4) Chuẩn bị đủ dụng cụ, vật liệu trước khi bắt đầu; (5) Tắt cầu dao điện trước khi chằng chống; (6) Hoàn thành chằng chống nhà trước khi bão đổ bộ.",0575f59d64e3407fa40049196cd01c5d.md,first_aid_survival,Nguyên tắc chằng chống nhà trước bão,medium,"chằng chống nhà, nguyên tắc, tắt cầu dao, trang thiết bị bảo hộ, trước khi bão"
TERRA_QA_007,"Để chằng chống nhà cửa an toàn, hộ gia đình cần chuẩn bị những vật dụng và dụng cụ bảo hộ cá nhân nào?","## 3. Các dụng cụ cần thiết để chằn chống nhà cửa:
- Tre, hoặc các loại cây khác có thể thay thế tre. 10-12 cây.
- Bao đựng cát (đất) từ 12 đến 20 cái.
- Thang 02 cái.
- Kìm, búa, rựa, xên, cuốc,...
- Đinh 5 phân, 10 phân,... dây thép (dây mây, dây ni lông, dây dừa,..)
- Cọc để làm neo

## 4. Các dụng cụ bảo hộ cá nhân cần thiết:
- Mũ bảo hộ.
- Găng tay vải.
- Bộ đồ mưa","Dụng cụ cần thiết gồm: 10-12 cây tre (hoặc cây thay thế), 12-20 bao cát/đất, 02 cái thang, kìm, búa, rựa, xẻng, cuốc, đinh 5-10 phân, dây buộc (dây thép/dây mây/dây nilông) và cọc neo. Dụng cụ bảo hộ gồm: mũ bảo hộ, găng tay vải và bộ đồ đi mưa.",0575f59d64e3407fa40049196cd01c5d.md,first_aid_survival,Vật dụng và bảo hộ chằng chống nhà,easy,"dụng cụ, chằng chống nhà, bao cát, cây tre, dây thép, mũ bảo hộ, găng tay"
TERRA_QA_008,"Khi nạn nhân bị thương chảy máu nhiều nhưng không có dị vật, quy trình sơ cứu cầm máu gồm các bước nào?","### a. Vết thương chảy máu nhiều không có dị vật:

*   Không tiếp xúc trực tiếp với máu bằng cách đeo găng tay cao su, ni lon và vật dụng thay thế

> [MÔ TẢ HÌNH ẢNH]: Hình ảnh cận cảnh một bàn tay đang được băng bó bằng băng gạc màu trắng. Một bàn tay khác đeo găng tay màu xanh đang giữ chặt băng.

*   Dùng gạc, vải sạch, ép trực tiếp lên vết thương và giữ chặt để cầm máu.

> [MÔ TẢ HÌNH ẢNH]: Hình ảnh cận cảnh hai bàn tay đang giữ chặt một bàn tay khác. Một bàn tay đeo găng tay y tế màu trắng, bàn tay còn lại không đeo găng. Có vẻ như đang kiểm tra hoặc giữ vết thương.

*   Băng ép trực tiếp tại vết thương
*   Kê cao chân, ủ ấm để phòng choáng
*   Đỡ nạn nhân nằm để làm giảm lượng máu chảy đến các vết thương.

> [MÔ TẢ HÌNH ẢNH]: Hình ảnh cận cảnh một cánh tay đang được băng bó bằng băng gạc màu trắng. Hai bàn tay khác đang hỗ trợ việc băng bó.

*   Kiểm tra đầu chi sau khi băng.
*   Nếu máu vẫn chảy thấm qua băng thì băng chồng lên bằng băng khác.","Quy trình sơ cứu gồm: (1) Đeo găng tay để tránh tiếp xúc trực tiếp với máu; (2) Dùng gạc hoặc vải sạch ép trực tiếp lên vết thương và giữ chặt; (3) Băng ép trực tiếp tại vết thương; (4) Đỡ nạn nhân nằm, kê cao chân và ủ ấm để chống choáng; (5) Kiểm tra đầu chi sau băng; (6) Nếu máu vẫn thấm qua thì băng đè lớp băng mới lên trên, không tháo lớp băng cũ.",0575f59d64e3407fa40049196cd01c5d.md,first_aid_survival,Sơ cứu vết thương chảy máu không có dị vật,medium,"sơ cứu, chảy máu, không dị vật, băng ép, kê cao chân, chống choáng, gạc sạch"
TERRA_QA_009,"Đối với vết thương chảy máu nhiều và có dị vật găm vào cơ thể, điều tối kỵ là gì và phải xử trí như thế nào?","### b. Khi vết thương chảy máu nhiều có dị vật:

*   Không rút dị vật
*   Mang găng tay
*   Ép chặt mép vết thương
*   Chèn băng, gạc quanh dị vật và băng cố định (không băng trùm qua dị vật)
*   Nhanh chóng chuyển nạn nhân tới cơ sở y tế gần nhất.",Điều tối kỵ tuyệt đối là KHÔNG ĐƯỢC RÚT DỊ VẬT ra. Các bước xử trí: (1) Mang găng tay bảo hộ; (2) Ép chặt hai mép vết thương xung quanh dị vật; (3) Chèn cuộn gạc/vải chèn xung quanh chân dị vật và băng cố định để giữ dị vật đứng yên (tuyệt đối không băng trùm đè lên dị vật); (4) Nhanh chóng vận chuyển nạn nhân đến cơ sở y tế gần nhất.,0575f59d64e3407fa40049196cd01c5d.md,first_aid_survival,Sơ cứu vết thương chảy máu có dị vật,medium,"sơ cứu, dị vật, không rút dị vật, chèn băng gạc, chuyển cơ sở y tế"
TERRA_QA_010,Dấu hiệu nhận biết gãy xương kín và gãy xương hở khác nhau như thế nào và đâu là nguy cơ lớn nhất?,"### 1. Gãy xương kín:
là gãy xương mà ổ gãy không thông với bên ngoài
*   Đau tại vùng tổn thương, đau nhói tại điểm gãy, đau tăng lên khi nạn nhân cử động.
*   Biến dạng khác bình thường: Gồ lên, ngắn, vẹo, lệch trục, gập góc
*   Hạn chế hoặc mất vận động, có thể có cử động bất thường.
*   Vùng tổn thương bầm tím, sưng nề.","Gãy xương kín là ổ gãy không thông với bên ngoài, có dấu hiệu: đau nhói điểm gãy tăng khi cử động, biến dạng lệch trục, sưng nề bầm tím, mất vận động. Gãy xương hở có ổ gãy thông ra ngoài kèm rách da, chảy máu và đầu xương có thể trồi ra ngoài. Nguy cơ lớn: đầu xương di lệch làm đứt mạch máu/thần kinh, gây choáng ngất do đau và mất máu, và nguy cơ nhiễm trùng rất cao ở gãy xương hở.",0575f59d64e3407fa40049196cd01c5d.md,first_aid_survival,Dấu hiệu nhận biết gãy xương kín và hở,medium,"gãy xương kín, gãy xương hở, ổ gãy, biến dạng lệch trục, rách da, nhiễm trùng, choáng ngất"
TERRA_QA_011,Bốn nguyên tắc căn bản khi xử trí sơ cứu ban đầu đối với nạn nhân bị gãy xương là gì?,"# I. Nguyên tắc xử trí gãy xương:
- Giữ nguyên tình trạng ổ gãy, không kéo, nắn, lắc xương gãy
- Đảm bảo bất động thật chắc khớp trên và khớp dưới ổ gãy
- Trường hợp gãy xương kèm tổn thương phần mềm, tổn thương mạch máu cần sơ cứu chảy máu và vết thương phần mềm trước khi cố định xương gãy
- Trường hợp gãy xương hở thì biến hở thành kín rồi cố định như gãy xương kín","4 nguyên tắc xử trí gãy xương: (1) Giữ nguyên hiện trạng ổ gãy, tuyệt đối không kéo nắn, lắc xương gãy; (2) Đảm bảo bất động thật chắc khớp trên và khớp dưới của ổ gãy; (3) Nếu có tổn thương phần mềm hoặc chảy máu mạch máu, phải sơ cứu cầm máu trước khi nẹp cố định; (4) Đối với gãy hở thì băng kín để biến hở thành kín rồi cố định như gãy kín.",0575f59d64e3407fa40049196cd01c5d.md,first_aid_survival,Nguyên tắc xử trí cố định gãy xương,medium,"nguyên tắc xử trí, gãy xương, không kéo nắn, bất động 2 khớp, cầm máu trước, biến hở thành kín"
TERRA_QA_012,Quy trình chuẩn bị và tiến hành cố định gãy xương cẳng tay bằng nẹp và băng tam giác gồm những bước nào?,"## 1. Gãy xương cẳng tay:
### a. Chuẩn bị:
- 2 nẹp, chiều dài nẹp từ quá khớp khuỷu đến hết lòng bàn tay,
- 4 dây,
- 2 băng tam giác,
- Bông, vải,

### b. Tiến hành:
- Nạn nhân ngồi (tư thế thuận lợi nhất)
- Yêu cầu nạn nhân đỡ tay gãy
- Đặt 2 nẹp vào cẳng tay và đệm lót
- Buộc dây cố định nẹp ở vị trí: trên ổ gãy, dưới ổ gãy, 2 dây ở 2 đầu nẹp
- Dùng 2 băng tam giác: treo cẳng tay và cố định cánh tay vào thân người nạn nhân","Chuẩn bị: 2 nẹp (dài từ quá khuỷu tay đến hết lòng bàn tay), 4 dây buộc, 2 băng tam giác và bông/vải đệm lót. Tiến hành: Cho nạn nhân ngồi đỡ tay gãy; đặt 2 nẹp vào mặt trước và sau cẳng tay có đệm lót; buộc 4 dây cố định (trên ổ gãy, dưới ổ gãy, và 2 đầu nẹp); dùng 2 băng tam giác để treo cẳng tay vuông góc trước ngực và cố định cánh tay ép sát vào thân người.",0575f59d64e3407fa40049196cd01c5d.md,first_aid_survival,Sơ cứu gãy xương cẳng tay,hard,"gãy xương cẳng tay, sơ cứu, 2 nẹp, 4 dây, 2 băng tam giác, bất động khuỷu tay"
TERRA_QA_013,"Theo khoản 1 Điều 3 Luật Phòng, chống thiên tai, các loại hình thiên tai ở Việt Nam bao gồm những loại nào?","Theo quy định tại khoản 1, Điều 3, Luật Phòng, chống thiên tai, các loại hình thiên tai ở Việt Nam bao gồm: bão, áp thấp nhiệt đới, lốc, sét, mưa lớn, lũ, lũ quét, ngập lụt, sạt lở đất do mưa lũ hoặc dòng chảy, sụt lún đất do mưa lũ hoặc dòng chảy, nước dâng, xâm nhập mặn, nắng nóng, hạn hán, rét hại, mưa đá, sương muối, động đất, sóng thần và các loại thiên tai khác.","Theo quy định, các loại hình thiên tai ở Việt Nam bao gồm: bão, áp thấp nhiệt đới, lốc, sét, mưa lớn, lũ, lũ quét, ngập lụt, sạt lở đất do mưa lũ hoặc dòng chảy, sụt lún đất do mưa lũ hoặc dòng chảy, nước dâng, xâm nhập mặn, nắng nóng, hạn hán, rét hại, mưa đá, sương muối, động đất, sóng thần và các loại thiên tai khác.",1ca15953e77643e4bb2a63df40179a31.md,risk_assessment_mapping,Phân loại các dạng thiên tai theo Luật PCTT,easy,"Luật Phòng chống thiên tai, Điều 3, bão, lũ quét, sạt lở đất, áp thấp nhiệt đới"
TERRA_QA_014,Lãnh thổ Việt Nam được phân chia làm bao nhiêu vùng thiên tai và do những yếu tố tự nhiên nào quyết định?,"Do vị trí địa lý và điều kiện địa hình, địa mạo của Việt Nam, đã tạo nên những đặc điểm khí hậu riêng biệt, dẫn tới sự hình thành nhiều loại hình thiên tai khác nhau theo mùa và đặc điểm riêng của từng vùng. Trên cả nước thiên tai được phân chia làm 08 vùng, mỗi vùng có đặc điểm địa lý và địa hình khác nhau và các dạng thiên tai khác nhau. Các loại thiên ở các vùng ven biển có đặc trưng riêng nhưng cũng đôi khi nó bao gồm cả thiên tai lũ quét ở những vùng cao, ví dụ như, trượt lở đất xảy ra sau bão khi có kết hợp với mưa lớn, như được chỉ ra các loại hình ở trong bảng 1-1.","Trên cả nước thiên tai được phân chia làm 08 vùng địa lý. Sự phân chia này xuất phát từ vị trí địa lý và điều kiện địa hình, địa mạo đặc trưng của Việt Nam, tạo nên các chế độ khí hậu và hình thái thiên tai phân hóa theo mùa và theo từng vùng miền.",1ca15953e77643e4bb2a63df40179a31.md,risk_assessment_mapping,Phân vùng thiên tai Việt Nam,easy,"phân vùng thiên tai, 08 vùng, địa hình địa mạo, khí hậu theo mùa"
TERRA_QA_015,Vùng I (Miền núi phía Bắc) gồm những tỉnh nào và thường xuyên đối mặt với các loại hình thiên tai điển hình nào?,"| 1 | Vùng I: Miền núi phía Bắc gồm Hà Giang, Cao Bằng, Lào Cai, Bắc Kạn, Lạng Sơn, Tuyên Quang, Yên Bái, Thái Nguyên, Phú Thọ, Bắc Giang, Lai Châu, Điện Biên, Sơn La, Hòa Bình, Quảng Ninh. | Lũ, lũ quét, sạt lở đất do mưa lũ hoặc dòng chảy, sụt lún đất do mưa lũ hoặc dòng chảy, bão, ATNĐ, rét hại, sương muối, mưa lớn, lốc, sét mưa đá, động đất. |","Vùng I gồm các tỉnh: Hà Giang, Cao Bằng, Lào Cai, Bắc Kạn, Lạng Sơn, Tuyên Quang, Yên Bái, Thái Nguyên, Phú Thọ, Bắc Giang, Lai Châu, Điện Biên, Sơn La, Hòa Bình, Quảng Ninh. Các thiên tai điển hình gồm: Lũ, lũ quét, sạt lở đất do mưa lũ hoặc dòng chảy, sụt lún đất, bão, áp thấp nhiệt đới, rét hại, sương muối, mưa lớn, lốc, sét, mưa đá, động đất.",1ca15953e77643e4bb2a63df40179a31.md,landslide_flashflood,Thiên tai đặc thù vùng Miền núi phía Bắc,medium,"Vùng I, Miền núi phía Bắc, Lào Cai, Yên Bái, lũ quét, sạt lở đất, rét hại sương muối"
TERRA_QA_016,Vùng III (Miền núi Bắc Trung Bộ và Trung Trung Bộ) bao gồm các địa phương nào và có các dạng thiên tai điển hình gì?,"| 3 | Vùng III: Miền núi Bắc Trung Bộ, Trung Trung Bộ gồm Thanh Hóa, Nghệ An, Hà Tĩnh, Quảng Bình, Quảng Trị, Thừa Thiên Huế, Quảng Nam. | ATNĐ, bão, nắng nóng, lũ quét, sạt lở đất do mưa lũ hoặc dòng chảy, sụt lún đất do mưa lũ hoặc dòng chảy, rét hại, mưa lớn, lốc, sét mưa đá. |","Vùng III gồm các tỉnh: Thanh Hóa, Nghệ An, Hà Tĩnh, Quảng Bình, Quảng Trị, Thừa Thiên Huế, Quảng Nam. Các loại hình thiên tai điển hình gồm: Áp thấp nhiệt đới, bão, nắng nóng, lũ quét, sạt lở đất do mưa lũ hoặc dòng chảy, sụt lún đất, rét hại, mưa lớn, lốc, sét, mưa đá.",1ca15953e77643e4bb2a63df40179a31.md,landslide_flashflood,Thiên tai vùng Miền núi Bắc Trung Bộ và Trung Trung Bộ,medium,"Vùng III, Bắc Trung Bộ, Trung Trung Bộ, sạt lở đất, lũ quét, bão"
TERRA_QA_017,Cấp độ rủi ro thiên tai được xác định và công bố nhằm phục vụ mục đích quản lý nhà nước nào?,"Cấp độ rủi ro thiên tai được xác định cho từng loại thiên tai và được công bố cùng nội dung bản tin dự báo, cảnh báo về thiên tai; làm cơ sở cho việc phân công, phân cấp trách nhiệm và phối hợp ứng phó với thiên tai.

14","Cấp độ rủi ro thiên tai được xác định cho từng loại thiên tai và được công bố cùng nội dung bản tin dự báo, cảnh báo thiên tai; nhằm làm cơ sở cho việc phân công, phân cấp trách nhiệm và điều phối phối hợp ứng phó thiên tai giữa các cơ quan, đơn vị.",1ca15953e77643e4bb2a63df40179a31.md,risk_assessment_mapping,Mục đích xác định cấp độ rủi ro thiên tai,easy,"cấp độ rủi ro thiên tai, công bố bản tin, phân công phân cấp, trách nhiệm ứng phó"
TERRA_QA_018,Mục tiêu chính của công tác đánh giá thiên tai tại địa phương là gì?,"Mục tiêu của đánh giá thiên tai là để xác định các loại thiên tai, cấp độ rủi ro thiên tai, nguy cơ và người dân, cộng đồng có thể phải đối mặt với các loại hình thiên tai trong khu vực.","Mục tiêu của đánh giá thiên tai là nhằm xác định các loại thiên tai, cấp độ rủi ro thiên tai lớn nhất, cũng như nguy cơ mà người dân và cộng đồng có thể phải đối mặt trên địa bàn khu vực.",1ca15953e77643e4bb2a63df40179a31.md,risk_assessment_mapping,Mục tiêu đánh giá rủi ro thiên tai,easy,"mục tiêu, đánh giá thiên tai, cấp độ rủi ro, nguy cơ cộng đồng"
TERRA_QA_019,Khái niệm thời gian cảnh báo trước và tốc độ xảy ra thiên tai được định nghĩa và phân biệt như thế nào?,"Thời gian cảnh báo trước: là thời gian từ khi đưa ra cảnh báo cho tới khi có các tác động của thiên tai (khoảng thời gian từ khi biết một thiên tai sắp xảy ra cho đến khi thiên tai đó thực sự xảy ra)

Tốc độ xảy ra thiên tai: là tốc độ khi thiên tai tới và gây ra tác động. Có thể phân biệt giữa các thiên tai xảy ra mà hầu như không có dấu hiệu nào cảnh báo trước (ví dụ như động đất) và loại thiên tai mà có thể dự báo trước khi nó xảy ra từ 3 đến 4 ngày (ví dụ như bão) tới loại thiên tai diễn ra chậm như hạn hán có thể mất vài tháng để hình thành","Thời gian cảnh báo trước là khoảng thời gian từ khi phát ra cảnh báo cho đến khi thiên tai thực tế xảy ra và gây tác động. Tốc độ xảy ra thiên tai là vận tốc khi thiên tai ập đến và gây thiệt hại, phân biệt giữa thiên tai diễn biến tức thì không cảnh báo trước (như động đất), thiên tai dự báo trước 3-4 ngày (như bão), và thiên tai diễn tiến chậm kéo dài nhiều tháng (như hạn hán).",1ca15953e77643e4bb2a63df40179a31.md,risk_assessment_mapping,Các thông số thời gian cảnh báo và tốc độ thiên tai,hard,"thời gian cảnh báo trước, tốc độ xảy ra thiên tai, động đất, bão, hạn hán"
TERRA_QA_020,"Khi xảy ra hạn hán kéo dài, chính quyền cấp xã có trách nhiệm thực hiện những nhiệm vụ trọng tâm nào?","### iii) Cấp xã:
- Thực hiện các công điện, thông báo, chỉ đạo của cấp trên;
- Thực hiện các biện pháp tưới tiết kiệm, ưu tiên đảm bảo cấp đủ nước sinh hoạt cho người và gia súc;
- Tuyên truyền, hỗ trợ dân thực hiện sử dụng nước tiết kiệm, chống thất thoát nước;
- Chỉ đạo các đơn vị sẵn sàng lực lượng để hỗ trợ khi có yêu cầu;
- Đảm bảo lương thực, nhu yếu phẩm để hỗ trợ nhân dân bị mất mùa khi cần thiết.","Nhiệm vụ cấp xã khi hạn hán gồm: (1) Thực hiện nghiêm công điện, chỉ đạo của cấp trên; (2) Thực hiện tưới tiết kiệm, ưu tiên đảm bảo đủ nước sinh hoạt cho người và gia súc; (3) Tuyên truyền nhân dân dùng nước tiết kiệm chống thất thoát; (4) Sẵn sàng lực lượng hỗ trợ theo điều động; (5) Đảm bảo dự trữ lương thực, nhu yếu phẩm hỗ trợ nhân dân khi bị mất mùa.",1ca15953e77643e4bb2a63df40179a31.md,community_governance,Trách nhiệm PCTT cấp xã khi hạn hán,medium,"cấp xã, hạn hán, ưu tiên nước sinh hoạt, gia súc, tưới tiết kiệm, hỗ trợ mất mùa"
TERRA_QA_021,"Công tác huy động lực lượng, phương tiện tại chỗ để cấp nước chống hạn ở địa phương gồm những giải pháp nào?","### b) Công tác huy động lực lượng, phương tiện tại chỗ
Công tác huy động lực lượng, phương tiện tại chỗ cũng được xây dựng cho từng cấp (tỉnh, huyện, xã), với các nội dung chính sau:
- Huy động lực lượng và các ngành thực hiện các giải pháp đảm bảo sử dụng nước; cung cấp nước:
    + Sử dụng các máy bơm của hộ gia đình bơm nước từ các khe suối, ao, hồ để phục vụ chống hạn;
    + Đào giếng các ao hồ nhỏ để cấp nước tưới;
    + Khoan giếng để cấp nước sinh hoạt cho nhân dân vùng khô hạn;
- Huy động lực lượng, phương tiện, vật tư để tiến hành nạo vét hệ thống kênh, mương, hệ thống các trục kênh tưới tiêu kết hợp đảm bảo thông thoáng;
- Điều chỉnh cơ cấu cây trồng, vật nuôi, mùa vụ phù hợp với dự báo, cảnh báo và tình hình diễn biến hạn hán và xâm nhập mặn.","Gồm các giải pháp: (1) Huy động máy bơm của các hộ gia đình bơm từ khe suối, ao hồ; (2) Đào thêm giếng, ao hồ nhỏ để lấy nước tưới; (3) Khoan giếng cấp nước sinh hoạt cho nhân dân vùng khô hạn; (4) Huy động lực lượng nạo vét hệ thống kênh mương, trục tưới tiêu đảm bảo khơi thông; (5) Điều chỉnh cơ cấu cây trồng, vật nuôi và mùa vụ phù hợp.",1ca15953e77643e4bb2a63df40179a31.md,community_governance,Huy động lực lượng phương tiện tại chỗ chống hạn,medium,"huy động tại chỗ, máy bơm, đào giếng, khoan giếng, nạo vét kênh mương, chống hạn"
TERRA_QA_022,"Ba ngưỡng nhiệt độ trung bình dùng để xác định các cấp độ rủi ro thiên tai do rét hại, sương muối ở vùng miền núi là bao nhiêu?","**Bước 1: Thời điểm ứng phó với rét hại, sương muối.**

- Nhiệt độ trung bình từ 4-8 độ ở vùng miền núi, từ 8-13 độ ở vùng đồng bằng;
- Nhiệt độ trung bình từ 4-8 độ ở vùng đồng bằng; 0-4 độ ở vùng miền núi;
- Nhiệt độ trung bình từ 0-4 độ ở vùng đồng bằng, dưới 0 độ ở vùng miền núi.",Ba ngưỡng nhiệt độ ở vùng miền núi: (1) Nhiệt độ trung bình từ 4-8°C (Rủi ro cấp 1); (2) Nhiệt độ trung bình từ 0-4°C (Rủi ro cấp 2); (3) Nhiệt độ trung bình dưới 0°C (Rủi ro cấp 3).,1ca15953e77643e4bb2a63df40179a31.md,risk_assessment_mapping,Ngưỡng nhiệt độ phân cấp rủi ro rét hại vùng núi,medium,"rét hại sương muối, ngưỡng nhiệt độ, miền núi, 4-8 độ, 0-4 độ, dưới 0 độ, cấp độ rủi ro"
TERRA_QA_023,"Khi nhiệt độ vùng núi xuống 0-4°C (rủi ro rét hại cấp 2), phương án bảo vệ vật nuôi, cây trồng và dự trữ sinh hoạt cần làm gì?","**2. Nhiệt độ trung bình từ 4-8 độ ở vùng đồng bằng; 0-4 độ ở vùng miền núi (rủi ro thiên tai cấp độ 2):**

- Phương án phòng chống rét cho người, đặc biệt lưu ý đối tượng dễ bị tổn thương như người già, trẻ em, người khuyết tật;
- Phương án đảm bảo an toàn cho gia súc, gia cấm:
    - Tổ chức che chắn, làm chuồng cho gia súc, gia cầm;
    - Bảo đảm nguồn thức ăn cho gia súc;
- Phương án đảm bảo an toàn cho hoạt động sản xuất:
    - Biện pháp bảo vệ cây trồng phù hợp;
    - Chuẩn bị phương tiện, trang thiết bị hồ trợ che chắn, bảo vệ cây trồng và vật nuôi khi cần thiết;
- Phương án khắc phục và phục hồi sản xuất sau thiên tai (chuẩn bị đủ cơ số về giống cây trồng, vật nuôi);
- Xây dựng kế hoạch dự trữ lương thực, nhu yếu phẩm, thức ăn chăn nuôi; thực hiện các biện pháp tiết kiệm điện, chất đốt để đề phòng hiện tượng rét hại kéo dài;
- Bố trí lực lượng, phương tiện để xử lý, khắc phục thiên tai: khẩn trương hỗ trợ vật tư, giống cây trồng, vật nuôi cho các hộ dân bị thiệt hại; ổn định sản xuất; hỗ trợ gạo cứu đói cho các hộ bị mất mùa do thiên tai,...","Phương án gồm: (1) Phòng chống rét cho người già, trẻ em, người khuyết tật; (2) Bảo vệ gia súc: tổ chức che chắn chuồng trại, đảm bảo nguồn thức ăn dự trữ; (3) Bảo vệ cây trồng bằng phương tiện che chắn; (4) Chuẩn bị cơ số giống để phục hồi sản xuất; (5) Dự trữ lương thực, nhu yếu phẩm, tiết kiệm điện và chất đốt; (6) Kịp thời hỗ trợ giống và gạo cứu đói cho hộ bị thiệt hại.",1ca15953e77643e4bb2a63df40179a31.md,first_aid_survival,Biện pháp bảo vệ vật nuôi cây trồng khi rét hại cấp 2,medium,"rét hại cấp 2, 0-4 độ, che chắn chuồng trại, dự trữ thức ăn gia súc, người già trẻ em, chất đốt"
TERRA_QA_024,"Khi xảy ra rét hại cực đoan với nhiệt độ miền núi dưới 0°C (rủi ro cấp 3), chính quyền địa phương phải triển khai các biện pháp khẩn cấp nào đối với học sinh và cộng đồng?","**3. Nhiệt độ trung bình từ 0-4 độ ở vùng đồng bằng, dưới 0 độ ở vùng miền núi (rủi ro thiên tai cấp độ 3)**

- Phương án phòng chống rét cho người, đặc biệt lưu ý đối tượng dễ bị tổn thương như người già, trẻ em, người khuyết tật;
    - Cho học sinh nghỉ học;
    - Đảm bảo an toàn cho người già;
    - Kiểm tra, rà soát các hoạt động sưởi ấm;
- Phương án đảm bảo an toàn cho gia súc, gia cấm:
    - Tổ chức che chắn, làm chuồng cho gia súc, gia cầm;
    - Bảo đảm nguồn thức ăn cho gia súc;
- Phương án đảm bảo an toàn cho hoạt động sản xuất:
    - Che chắn, bảo vệ cây trồng và vật nuôi khi cần thiết;
    - Thu hoạch sớm mùa vụ;
    - Ổn định sản xuất; hỗ trợ gạo cứu đói cho các hộ bị mất mùa do thiên tai,...
    - Hỗ trợ vật tư, giống cây trồng, vật nuôi cho các hộ dân bị thiệt hại;
- Phương án khắc phục và phục hồi sản xuất sau thiên tai (chuẩn bị đủ cơ số về giống cây trồng, vật nuôi);
- Xây dựng kế hoạch dự trữ lương thực, nhu yếu phẩm, thức ăn chăn nuôi;
- Bố trí lực lượng, phương tiện để xử lý, khắc phục thiên tai.","Khi rét hại dưới 0°C ở miền núi, chính quyền triển khai: Cho học sinh nghỉ học; đảm bảo tuyệt đối an toàn sưởi ấm cho người già và trẻ em; che chắn chuồng trại và đảm bảo thức ăn cho gia súc; bảo vệ hoặc thu hoạch sớm mùa vụ; xuất cấp gạo cứu đói cho các hộ mất mùa; chuẩn bị cơ số giống phục hồi sản xuất và bố trí lực lượng phương tiện khắc phục thiệt hại.",1ca15953e77643e4bb2a63df40179a31.md,first_aid_survival,Ứng phó rét hại cực đoan dưới 0 độ C ở miền núi,hard,"dưới 0 độ, nghỉ học, rủi ro cấp 3, sưởi ấm an toàn, thu hoạch sớm, gạo cứu đói"
TERRA_QA_025,"Quy trình xây dựng phương án ứng phó với lốc, sét, mưa đá tại địa phương gồm những bước nào?","### 5.4.7. Hướng dẫn xây dựng phương án ứng phó với lốc, sét, mưa đá.

**Bước 1: Thời điểm ứng phó với lốc, sét, mưa đá.**

- Cường độ xảy ra lốc, sét, mưa đá trung bình;
- Cường độ xảy ra lốc, sét, mưa đá mạnh.

**Bước 2: Xác định các kịch bản ứng phó với lốc, sét, mưa đá.**

Căn cứ vào bản tin dự báo, cảnh báo để xây dựng các kịch bản ứng phó, trong đó cần giả định các tổ hợp bất lợi đối với loại hình thiên tai này, nhất là yếu tố thời gian xuất hiện.

**Bước 3: Xác định nội dung phương án ứng phó.**","Gồm 3 bước: Bước 1 - Xác định thời điểm ứng phó (theo cường độ trung bình hoặc mạnh); Bước 2 - Xác định các kịch bản ứng phó (căn cứ bản tin cảnh báo và giả định các tổ hợp thời tiết bất lợi, nhất là thời gian xuất hiện); Bước 3 - Xác định nội dung phương án ứng phó (xác định đối tượng, phạm vi ảnh hưởng cụ thể theo từng kịch bản).",1ca15953e77643e4bb2a63df40179a31.md,typhoon_flood,Quy trình phương án ứng phó lốc sét mưa đá,medium,"lốc sét mưa đá, quy trình 3 bước, kịch bản ứng phó, thời điểm ứng phó, phạm vi ảnh hưởng"
TERRA_QA_026,"Khi có nguy cơ nước biển dâng từ 2-4m ở Bắc Bộ hoặc 1-2m ở Nam Bộ (rủi ro cấp 1), công tác bốn tại chỗ triển khai như thế nào?","## 1. Nước biển dâng từ 2-4m ở dải ven biển Bắc Bộ hoặc nước biển dâng từ 1-2m ở dải ven biển Nam Bộ (rủi ro thiên tai cấp 1)

Nội dung phương án ứng phó thực hiện theo phương châm 4 tại chỗ:
### a) Lực lượng, phương tiện tại chỗ:
- Phương án huy động nguồn nhân lực ứng phó: Xác định lực lượng ứng phó bao gồm những đơn vị nào; số lượng bao nhiêu; đóng quân tại đâu để có kế hoạch điều động ứng cứu cho phù hợp;
- Xác định số lượng, phương tiện cần huy động, trưng dụng khi có yêu cầu;
- Lên phương án đảm bảo an toàn tàu thuyền:
  + Xác định được số lượng cụ thể các tàu, thuyền của địa phương đang hoạt động trên biển;
  + Xác định việc chằng chống, neo đậu tại bến hoặc di chuyển đến nơi an toàn;
  + Xác định lực lượng hỗ trợ dân để di chuyển lồng bè, sơ tán người tại các khu vực nuôi trồng thủy sản,...
### b) Chỉ đạo, chỉ huy tại chỗ:
- Ra thông báo, công điện, văn bản chỉ đạo các địa phương, đơn vị tổ chức phòng, tránh, ứng phó với nước biển dâng;
- Chỉ đạo các huyện, xã sẵn sàng phương án đảm bảo an toàn tàu thuyền trên biển và khu vực ven bờ: Hướng dẫn, neo đậu tàu thuyền; di chuyển lồng bè, người trên các lồng bè vào nơi an toàn,...
  - Phân công kiểm tra, đôn đốc tại các huyện, xã và tại hiện trường (ở từng xã); hướng dẫn các huyện ven biển phải chủ động đề phòng lũ xảy ra, sẵn sàng phương án phòng, chống lũ do mưa, bão có thể gây ra.
### c) Hậu cần, vật tư, nhu yếu phẩm tại chỗ:
- Lên phương án hậu cần, vật tư, nhu yếu phẩm tại các khu vực sơ tán: mỳ tôm, nước uống, thuốc men,...
- Xác định nội dung đảm bảo hậu cần từ nguồn dự trữ của chính quyền và nhân dân tại nơi sơ tán;
- Xác định các vật tư cần thiết để xử lý ngay giờ đầu các sự cố khi có yêu cầu.","Triển khai bốn tại chỗ gồm: Lực lượng/phương tiện (huy động lực lượng cơ sở kiểm tra đê biển, cống dưới đê, gia cố đoạn xung yếu); Chỉ đạo chỉ huy (vận hành hệ thống cống ngăn triều, trực ban theo dõi sát triều cường và gió mùa); Hậu cần/vật tư (chuẩn bị đất cát, bao tải, đá hộc, cọc cừ dự phòng xử lý sự cố đê điều).",1ca15953e77643e4bb2a63df40179a31.md,community_governance,Phương án ứng phó nước biển dâng cấp 1,medium,"nước biển dâng, rủi ro cấp 1, gia cố đê biển, cống ngăn triều, bốn tại chỗ, bao tải cát đá hộc"
TERRA_QA_027,"Trong phương án ứng phó hạn hán, thiếu nước kéo dài, UBND cấp huyện có trách nhiệm thực hiện các nội dung chỉ đạo nào?","**(ii) Cấp huyện:**

    *   Thực hiện các công điện của Tỉnh và BCĐ;
    *   Thực hiện quản lý chặt chẽ nguồn nước;
    *   Chỉ đạo thực hiện các biện pháp tưới tiết kiệm, ưu tiên đảm bảo cấp đủ nước sinh hoạt cho người và gia súc;
    *   Chỉ đạo thực hiện sử dụng nước tiết kiệm, chống thất thoát nước;
    *   Chỉ đạo các đơn vị sẵn sàng lực lượng để hỗ trợ khi có yêu cầu.

---

<!-- Page 19 to 20 -->",UBND cấp huyện có trách nhiệm: Thực hiện nghiêm túc các công điện của Tỉnh và Ban chỉ đạo; Quản lý chặt chẽ nguồn nước trên địa bàn; Chỉ đạo thực hiện tưới tiết kiệm và ưu tiên tuyệt đối cấp nước sinh hoạt cho người và gia súc; Chỉ đạo chống thất thoát nước; Sẵn sàng điều động lực lượng hỗ trợ khi có yêu cầu.,1ca15953e77643e4bb2a63df40179a31.md,community_governance,Nhiệm vụ cấp huyện trong phương án chống hạn,medium,"cấp huyện, chống hạn, quản lý nguồn nước, tưới tiết kiệm, nước sinh hoạt"
TERRA_QA_028,"Vùng IV (Duyên hải miền Trung) gồm những tỉnh, thành phố nào và các loại hình thiên tai điển hình là gì?","| 4 | Vùng IV: Duyên hải miền Trung gồm Quảng Bình, Quảng Trị, Thừa Thiên Huế, Đà Nẵng, Quảng Nam, Quảng Ngãi, Bình Định, Phú Yên, Khánh Hòa, Ninh Thuận, Bình Thuận | Lũ, ngập lụt, ATNĐ, bão, nước dâng, hạn hán, xâm nhập mặn, sạt lở đất do dòng chảy, sụt lún đất do mưa lũ hoặc dòng chảy, mưa lớn. |","Vùng IV gồm các tỉnh, thành: Quảng Bình, Quảng Trị, Thừa Thiên Huế, Đà Nẵng, Quảng Nam, Quảng Ngãi, Bình Định, Phú Yên, Khánh Hòa, Ninh Thuận, Bình Thuận. Các thiên tai điển hình gồm: Lũ, ngập lụt, áp thấp nhiệt đới, bão, nước dâng, hạn hán, xâm nhập mặn, sạt lở đất do dòng chảy, sụt lún đất do mưa lũ và mưa lớn diện rộng.",1ca15953e77643e4bb2a63df40179a31.md,typhoon_flood,Đặc thù thiên tai vùng Duyên hải miền Trung,easy,"Vùng IV, Duyên hải miền Trung, Quảng Bình, Thừa Thiên Huế, Đà Nẵng, lũ ngập lụt, nước dâng"
TERRA_QA_029,Ban Chỉ huy PCTT&TKCN cấp xã có vai trò gì và cơ quan thường trực được đặt tại đâu?,"### 1. Vai trò của BCH cấp xã:

Tham mưu giúp UBND cấp xã trong việc kiểm tra, đôn đốc, chỉ huy, điều hành công tác PCTT&TKCN trong phạm vi địa phương.

### 2. Tổ chức bộ máy của BCH cấp xã:

**a) Lãnh đạo Ban Chỉ huy:**

*   Trưởng ban - Chủ tịch UBND cấp xã
*   Phó Trưởng ban TT - Phó Chủ tịch UBND phụ trách công tác PCTT
*   Phó Trưởng ban - Chỉ huy trưởng QS phụ trách công tác cứu hộ, cứu nạn và lực lượng xung kích PCTT.
*   Phó Trưởng ban - Trưởng Công an phụ trách công tác an toàn giao thông, an ninh.

**b) Ủy viên:**

*   Công chức Địa chính - NN-XD&MT (đối với xã) hoặc Công chức Địa chính - XD-ĐT&MT (đối với phường, thị trấn)
*   Công chức VP - Thống kê
*   Công chức Văn hóa Xã hội
*   Công chức Tư pháp Hộ tịch
*   Công chức Tài chính Kế toán
*   Đại diện LĐ Trạm y tế
*   Đại diện LĐ UB MTTQ
*   Đại diện LĐ Hội CTĐ
*   Đại diện LĐ Hội Cựu chiến binh
*   Đại diện LĐ Hội LHPN
*   Đại diện LĐ Đoàn TN
*   Đại diện LĐ Hội ND

(Việc bổ sung các thành viên Ban Chỉ huy PCTT&TKCN do Chủ tịch UBND - Trưởng BCH cấp xã quyết định)

Facebook: Thông tin Phòng chống thiên tai

# SỔ TAY CÔNG TÁC PHÒNG, CHỐNG THIÊN TAI

### 3. Nhiệm vụ của BCH cấp xã:

Thực hiện theo khoản 4, Điều 22 Nghị định số 160/2018/NĐ-CP ngày 29/11/2018 của Chính phủ.

### 4. Cơ quan thường trực của BCH cấp xã: Đặt tại trụ sở UBND cấp xã

(Tùy theo điều kiện các địa phương, Chủ tịch UBND - Trưởng BCH cấp xã quyết định giao Cán bộ phụ trách thuộc UBND xã làm nhiệm vụ kiêm nhiệm Bộ phận thường trực và được cấp kinh phí để hoạt động)","Ban Chỉ huy PCTT&TKCN cấp xã có vai trò tham mưu giúp UBND cấp xã trong việc kiểm tra, đôn đốc, chỉ huy, điều hành công tác phòng chống thiên tai và tìm kiếm cứu nạn trong phạm vi địa phương. Cơ quan thường trực của Ban Chỉ huy đặt tại trụ sở UBND cấp xã.",30c127a0d6194029ae17dbc19131e2f4.md,community_governance,Vai trò và vị trí thường trực của BCH PCTT cấp xã,easy,"vai trò, BCH cấp xã, tham mưu UBND, cơ quan thường trực, trụ sở UBND xã"
TERRA_QA_030,Bộ máy lãnh đạo của Ban Chỉ huy PCTT&TKCN cấp xã gồm những ai và phân công phụ trách như thế nào?,"**a) Lãnh đạo Ban Chỉ huy:**

*   Trưởng ban - Chủ tịch UBND cấp xã
*   Phó Trưởng ban TT - Phó Chủ tịch UBND phụ trách công tác PCTT
*   Phó Trưởng ban - Chỉ huy trưởng QS phụ trách công tác cứu hộ, cứu nạn và lực lượng xung kích PCTT.
*   Phó Trưởng ban - Trưởng Công an phụ trách công tác an toàn giao thông, an ninh.",Lãnh đạo Ban Chỉ huy gồm: (1) Trưởng ban là Chủ tịch UBND cấp xã; (2) Phó Trưởng ban Thường trực là Phó Chủ tịch UBND phụ trách công tác PCTT; (3) Phó Trưởng ban là Chỉ huy trưởng Quân sự phụ trách cứu hộ cứu nạn và lực lượng xung kích; (4) Phó Trưởng ban là Trưởng Công an phụ trách an toàn giao thông và an ninh trật tự.,30c127a0d6194029ae17dbc19131e2f4.md,community_governance,Bộ máy lãnh đạo BCH PCTT cấp xã,easy,"lãnh đạo BCH xã, Chủ tịch UBND, Chỉ huy trưởng quân sự, Trưởng Công an, Phó Chủ tịch UBND"
TERRA_QA_031,Thành phần ủy viên của Ban Chỉ huy PCTT&TKCN cấp xã bao gồm những công chức chuyên môn và đại diện đoàn thể nào?,"**b) Ủy viên:**

*   Công chức Địa chính - NN-XD&MT (đối với xã) hoặc Công chức Địa chính - XD-ĐT&MT (đối với phường, thị trấn)
*   Công chức VP - Thống kê
*   Công chức Văn hóa Xã hội
*   Công chức Tư pháp Hộ tịch
*   Công chức Tài chính Kế toán
*   Đại diện LĐ Trạm y tế
*   Đại diện LĐ UB MTTQ
*   Đại diện LĐ Hội CTĐ
*   Đại diện LĐ Hội Cựu chiến binh
*   Đại diện LĐ Hội LHPN
*   Đại diện LĐ Đoàn TN
*   Đại diện LĐ Hội ND","Thành phần ủy viên gồm: Công chức Địa chính - Nông nghiệp - Xây dựng & Môi trường; Công chức Văn phòng - Thống kê; Công chức Văn hóa Xã hội; Công chức Tư pháp Hộ tịch; Công chức Tài chính Kế toán; Đại diện lãnh đạo Trạm y tế; và đại diện các đoàn thể: UB MTTQ, Hội Chữ thập đỏ, Hội Cựu chiến binh, Hội LH Phụ nữ, Đoàn Thanh niên, Hội Nông dân.",30c127a0d6194029ae17dbc19131e2f4.md,community_governance,Thành phần Ủy viên BCH PCTT cấp xã,easy,"ủy viên BCH xã, công chức địa chính, trạm y tế, Hội Chữ thập đỏ, Đoàn thanh niên, Hội phụ nữ"
TERRA_QA_032,Chủ tịch UBND - Trưởng Ban Chỉ huy PCTT&TKCN cấp xã có những nhóm nhiệm vụ trọng tâm nào theo Luật PCTT?,"## 13 NHIỆM VỤ CỦA CHỦ TỊCH UBND - TRƯỞNG BAN CHỈ HUY PCTT&TKCN CẤP XÃ

(Theo khoản 2, Điều 43 Luật PCTT năm 2013 và khoản 4, Điều 22 Nghị định số 160/2018/NĐ-CP ngày 29/11/2018 của Chính phủ)

| STT | CHỈ ĐẠO TRIỂN KHAI NHIỆM VỤ VỀ PCTT |
| :-- | :----------------------------------- |
| Nhóm nhiệm vụ 1 | Phê duyệt Kế hoạch công tác của BCH cấp xã |
| Nhóm nhiệm vụ 2 | Kiện toàn tổ chức BCH cấp xã; Quy chế hoạt động của BCH cấp xã |
| Nhóm nhiệm vụ 3 | Phê duyệt kế hoạch PCTT 05 năm và cập nhật, điều chỉnh bổ sung hằng năm |
| Nhóm nhiệm vụ 4 | Phê duyệt phương án ƯPTT theo các cấp độ RRTT |
| Nhóm nhiệm vụ 5 | Chỉ đạo triển khai thực hiện phương châm “4 tại chỗ” |
| Nhóm nhiệm vụ 6 | Thực hiện các nội dung về Quỹ PCTT |
| Nhóm nhiệm vụ 7 | Chỉ đạo thực hiện việc truyền phát tin chỉ đạo, chỉ huy ứng phó thiên tai; phổ biến tuyên truyền nâng cao nhận thức cộng đồng về phòng, chống thiên tai |
| Nhóm nhiệm vụ 8 | Tổ chức thường trực, chỉ huy công tác ƯPTT, KPHQ thiên tai |
| Nhóm nhiệm vụ 9 | Quản lý, bảo vệ công trình PCTT trên địa bàn thuộc trách nhiệm quản lý |
| Nhóm nhiệm vụ 10 | Chỉ đạo thành lập, xây dựng và củng cố lực lượng xung kích PCTT cấp xã |
| Nhóm nhiệm vụ 11 | Chỉ đạo thống kê đánh giá thiệt hại và KPHQ thiên tai gây ra trên địa bàn |
| Nhóm nhiệm vụ 12 | Quản lý đê điều và hộ đê phòng lụt (đối với các địa phương có đê) |
| Nhóm nhiệm vụ 13 | Xử phạt vi phạm hành chính trong lĩnh vực phòng, chống thiên tai; khai thác và bảo vệ công trình thủy lợi; đê điều (đối với các địa phương có đê) |",Có 13 nhóm nhiệm vụ: (1) Phê duyệt Kế hoạch công tác BCH; (2) Kiện toàn tổ chức & quy chế BCH; (3) Phê duyệt kế hoạch PCTT 5 năm; (4) Phê duyệt phương án ƯPTT theo cấp độ rủi ro; (5) Chỉ đạo thực hiện phương châm 4 tại chỗ; (6) Thực hiện Quỹ PCTT; (7) Tuyên truyền và truyền phát tin chỉ đạo; (8) Thường trực chỉ huy ƯPTT và KPHQ; (9) Quản lý bảo vệ công trình PCTT; (10) Xây dựng lực lượng xung kích; (11) Đánh giá thiệt hại; (12) Quản lý đê điều (nếu có); (13) Xử phạt vi phạm hành chính PCTT.,30c127a0d6194029ae17dbc19131e2f4.md,community_governance,13 nhiệm vụ của Chủ tịch UBND cấp xã về PCTT,hard,"13 nhiệm vụ, Chủ tịch UBND cấp xã, 4 tại chỗ, lực lượng xung kích, phương án ứng phó, Quỹ PCTT"
TERRA_QA_033,"Trong công tác kiện toàn tổ chức, bộ máy PCTT cấp xã gồm có 4 nhóm nội dung trọng tâm nào?","## 04 NHÓM NỘI DUNG TRONG CÔNG TÁC KIỆN TOÀN TỔ CHỨC, BỘ MÁY

| STT | CÔNG VIỆC | NỘI DUNG CÔNG VIỆC | PHÂN GIAO THỰC HIỆN | THỜI GIAN HOÀN THÀNH |
| :-- | :-------- | :------------------ | :------------------ | :------------------- |
| 1   | Kiện toàn, phân công nhiệm vụ và phụ trách địa bàn các thành viên Ban Chỉ huy PCTT & TKCN (1) | 1. Chỉ đạo Bộ phận thường trực hoặc VP UBND xây dựng dự thảo Quyết định và trình Chủ tịch UBND - Trưởng Ban ký ban hành. 2. Chỉ đạo thành viên BCH cấp xã, các đơn vị có liên quan triển khai thực hiện. | LĐ CHỈ ĐẠO: Chủ tịch UBND - Trưởng ban<br>PHÂN GIAO THỰC HIỆN: Bộ phận thường trực, Toàn thể thành viên BCH cấp xã | Tháng 01<br>hằng năm |
| 2   | Quy chế hoạt động của Ban Chỉ huy PCTT & TKCN | 1. Giao Bộ phận thường trực hoặc VP UBND chủ trì, rà soát Quy chế; dự thảo Quyết định và trình Chủ tịch UBND - Trưởng Ban ký ban hành. 2. Chỉ đạo thành viên BCH cấp xã, các đơn vị có liên quan triển khai thực hiện. | LĐ CHỈ ĐẠO: Phó Trưởng ban thường trực<br>PHÂN GIAO THỰC HIỆN: Bộ phận thường trực, Toàn thể thành viên BCH cấp xã | Tháng 01<br>hằng năm<br>Tháng 01, 02 |

(1) - Theo Điều 22 Nghị định số 160/2018/NĐ-CP ngày 29/11/2018
Facebook: Thông tin Phòng chống thiên tai

SỔ TAY CÔNG TÁC PHÒNG, CHỐNG THIÊN TAI

| STT | CÔNG VIỆC | NỘI DUNG CÔNG VIỆC | PHÂN GIAO THỰC HIỆN | THỜI GIAN HOÀN THÀNH |
| :-- | :-------- | :------------------ | :------------------ | :------------------- |
| 3   | Xây dựng lực lượng xung kích PCTT cấp xã và nâng cao năng lực dân sự trong PCTT (2) | 1. Quyết định sửa đổi, bổ sung hoặc thành lập Đội xung kích PCTT. 2. Ban hành quyết định vị trí chức năng, nhiệm vụ, quyền hạn; phân giao nhiệm vụ của Đội xung kích. 3. Ban hành Quy chế hoạt động; phối hợp giữa Đội xung kích với các cơ quan, tổ chức tại địa phương trong hoạt động PCTT. 4. Xây dựng, trình duyệt dự toán chi, thanh toán kinh phí phụ cấp và thực hiện các chế độ, chính sách đối với các thành viên Đội xung kích theo các quy định; 5. Kiểm tra, giám sát kết quả hoạt động của Đội xung kích, định kỳ báo cáo UBND, BCH cấp huyện. 6. Quyết định đầu tư trang thiết bị; bố trí nguồn kinh phí duy trì hoạt động, hỗ trợ việc làm và các chế độ chính sách cho lực lượng xung kích. 7. Rà soát danh sách của Đội xung kích PCTT. 8. Tổ chức tập huấn, nâng cao năng lực cho lực lượng xung kích PCTT. | LĐ CHỈ ĐẠO: Lãnh đạo BCH cấp xã<br>PHÂN GIAO THỰC HIỆN: Bộ phận thường trực BCH QS, CA xã và các địa bàn liên quan | Quý I - IV<br>Quý I - IV<br>Quý I - IV<br>Quý I - IV<br>Trong năm<br>Trong năm<br>Trước mùa mưa lũ<br>Trong năm |

(2) - Theo mục 5 Chỉ thị số 42-CT/TW ngày 24/3/2020 của Ban Bí thư; Quyết định số 08/QĐ-TWPCTT ngày 27/3/2020 và theo chỉ đạo, hướng dẫn của UBND, BCH cấp huyện
www.phongchongthientai.mard.gov.vn

PHẦN I: CƠ CẤU TỔ CHỨC, KẾ HOẠCH CÔNG TÁC NĂM CỦA BAN CHỈ HUY PCTT&TKCN CẤP XÃ

| STT | CÔNG VIỆC | NỘI DUNG CÔNG VIỆC | PHÂN GIAO THỰC HIỆN | THỜI GIAN HOÀN THÀNH |
| :-- | :-------- | :------------------ | :------------------ | :------------------- |
| 4   | Nâng cao năng lực dân sự trong PCTT | 1. Phối hợp, triển khai hoạt động tập huấn nâng cao nhận thức cộng đồng và quản lý RRTT tại địa phương. 2. Tổ chức tuyên truyền nâng cao năng lực cho cộng đồng về quản lý RRTT bằng nhiều hình thức: đài phát thanh tại các thôn, các pano áp phích, tờ rơi, hình ảnh trực quan, dễ hiểu,... | LĐ CHỈ ĐẠO: Phó trưởng ban thường trực<br>PHÂN GIAO THỰC HIỆN: Bộ phận thường trực, Hội ND, Hội CTĐ, Hội PN, Hội Cựu chiến binh, MTTQ, Đoàn TN và các địa bàn liên quan | Trước, trong, sau thiên tai |

(3) - Theo điểm g khoản 4 Điều 18 Nghị định số 160/2018/NĐ-CP ngày 29/11/2018 Và theo chỉ đạo, hướng dẫn của UBND, BCH cấp huyện
Facebook: Thông tin Phòng chống thiên tai

---

<!-- Page 5 to 6 -->
SỔ TAY CÔNG TÁC PHÒNG, CHỐNG THIÊN TAI","Gồm 4 nhóm nội dung: (1) Rà soát, kiện toàn thành viên Ban Chỉ huy PCTT&TKCN cấp xã; (2) Ban hành và sửa đổi bổ sung Quy chế hoạt động của Ban Chỉ huy; (3) Phân công nhiệm vụ cụ thể cho từng thành viên Ban Chỉ huy phụ trách các thôn, bản; (4) Thành lập, củng cố và duy trì hoạt động của Lực lượng xung kích PCTT cấp xã.",30c127a0d6194029ae17dbc19131e2f4.md,community_governance,Kiện toàn tổ chức bộ máy PCTT cấp xã,medium,"kiện toàn bộ máy, quy chế hoạt động, phân công nhiệm vụ, lực lượng xung kích"
TERRA_QA_034,"Trong giai đoạn phòng ngừa thiên tai tại cấp xã, Ban Chỉ huy cần tập trung vào 7 nhóm nội dung hoạt động nào?","## 07 NHÓM NỘI DUNG TRONG HOẠT ĐỘNG PHÒNG NGỪA THIÊN TAI

PHẦN I: CƠ CẤU TỔ CHỨC, KẾ HOẠCH CÔNG TÁC NĂM CỦA BAN CHỈ HUY PCTT&TKCN CẤP XÃ

| STT | CÔNG VIỆC | NỘI DUNG CÔNG VIỆC | PHÂN GIAO THỰC HIỆN (LĐ CHỈ ĐẠO) | PHÂN GIAO THỰC HIỆN | THỜI GIAN HOÀN THÀNH |
| :-- | :-------- | :------------------ | :-------------------------------- | :------------------ | :------------------- |
| 1   | Phê duyệt kế hoạch công tác hằng năm của Ban Chỉ huy PCTT&TKCN(4) | 1. Giao Bộ phận thường trực xây dựng Dự thảo Quyết định trình Chủ tịch UBND - Trưởng Ban ký ban hành. <br> 2. Chỉ đạo thành viên BCH cấp xã và các đơn vị có liên quan triển khai thực hiện. <br> 3. Chỉ đạo, đôn đốc thực hiện. | Chủ tịch UBND - Trưởng ban | Bộ phận thường trực, Toàn thể thành viên BCH cấp xã | Trước 31/12 |
| 2   | Tổng kết công tác PCTT hàng năm của BCH các cấp; sơ kết 06 tháng đầu năm (5) | 1. Giao Bộ phận thường trực tổng hợp báo cáo tổng kết, sơ kết, trình Chủ tịch UBND Trưởng Ban thông qua. <br> 2. Thông qua: chương trình; nội dung; địa điểm và hình thức tổ chức,... <br> 3. Chỉ đạo VP UBND: gửi giấy mời; chủ trì tổ chức triển khai Hội nghị tổng kết; sơ kết. <br> 4. Giao Lãnh đạo BCH cấp xã ký Thông báo kết luận của Chủ tịch UBND Trưởng ban sau Hội nghị. <br> 5. Chỉ đạo thành viên BCH cấp xã và các đơn vị có liên quan triển khai thực hiện. <br> 6. Chỉ đạo, đôn đốc thực hiện. | Chủ tịch UBND - Trưởng ban | Phó Trưởng ban thường trực, Bộ phận thường trực, Thành viên BCH cấp xã, Toàn thể thành viên BCH cấp xã | Tổng kết: Quý I <br> Sơ kết: Đầu tháng 7 <br> Trong năm |
| 3   | Truyền thông trong PCTT (6) | 1. Chỉ đạo công tác truyền thông đảm bảo thông suốt mệnh lệnh đến địa bàn và người dân. <br> 2. Phối hợp xây dựng tài liệu nâng cao nhận thức cộng đồng phù hợp, dễ hiểu với địa phương mình. | Phó Trưởng ban | Thành viên BCH cấp xã, địa bàn liên quan | Trước, trong, sau thiên tai |
| 4   | Diễn tập PCTT hằng năm (7) | 1. Chỉ đạo triển khai hoạt động diễn tập PCTT: <br> - Phê duyệt đề cương, dự toán kế hoạch diễn tập. <br> - Thông qua kịch bản, nội dung và chỉ đạo tổ chức diễn tập. <br> 2. Tham gia hoạt động diễn tập do UBND, BCH cấp huyện chỉ đạo. | Phó Trưởng ban thường trực | Bộ phận thường trực, Thành viên BCH cấp xã, Công an, địa bàn liên quan | Quý II-III (Theo kế hoạch) |
| 5   | Rà soát, triển khai phương án đảm bảo các khu vực có nguy cơ xảy ra lũ quét, sạt lở đất, ngập lụt; công trình PCTT (hồ, đập, khu neo đậu),... (8) | 1. Chỉ đạo rà soát, kiểm tra địa bàn có nguy cơ ảnh hưởng thiên tai và phê duyệt hoặc đề xuất kinh phí triển khai thực hiện. <br> 2. Phê duyệt phương án ƯPTT và đề xuất giải pháp. <br> 3. Tổ chức cắm biển cảnh báo, biển chỉ dẫn tại khu vực có nguy cơ mất an toàn. <br> 4. Xây dựng các bản đồ cảnh báo phù hợp với địa bàn; Tổ chức, phối hợp triển khai thực hiện việc bố trí dân cư, chủ động di dời, tái định cư ở các khu vực có nguy cơ xảy ra lũ quét, sạt lở đất, ngập lụt. <br> 5. Chỉ đạo các địa phương và đơn vị quản lý triển khai phương án đảm bảo an toàn tại các khu vực công trình PCTT theo phương án đã được duyệt. | Phó trưởng ban | BCH QS, CA, các địa bàn liên quan | Thường xuyên <br> Trước mùa mưa lũ |
| 6   | Chỉ đạo theo dõi chặt chẽ diễn biến thiên tai, chỉ đạo của cấp trên; tham mưu chỉ huy điều hành ứng phó thiên tai (9) | 1. Tổ chức trực ban tại UBND, theo dõi chặt chẽ diễn biến thiên tai, chỉ đạo của cấp trên. <br> 2. Triển khai chỉ đạo của của cấp trên về PCTT. <br> 3. Chỉ đạo, báo cáo đề xuất các phương án chỉ huy ƯPTT. | Phó trưởng ban thưởng trực | Bộ phận thước | Thường xuyên |
| 7   | Phát ngôn chính thức và cung cấp thông tin về PCTT cho báo chí | 1. Cung cấp thông tin về: tình hình thiên tai; thiệt hại, phương án chỉ huy ứng phó,... <br> 2. Trả lời phỏng vấn trên các phương tiện, thông tin về tình hình thiên tai trên địa bàn. | Phó trưởng ban thường trực | Bộ phận thường trực | Khi có thiên tai; hoặc theo yêu cầu |

(4) - Theo điểm d, Khoản 4 Điều 22 Nghị định số 160/2018/NĐ-CP ngày 29/11/2018
(5) - Theo khoản 3, Điều 7 Thông tư liên tịch số 43/2015/TTLT-BNNPTNT-BKHĐT ngày 23/11/2015
(6) - Theo điểm b, h, Khoản 4 Điều 22 Nghị định số 160/2018/NĐ-CP ngày 29/11/2018
(7) - Theo điểm d, khoản 2 Điều 43 Luật PCTT năm 2013 <br> Và theo chỉ đạo, hướng dẫn của UBND, BCH cấp huyện
(8) - Theo khoản h, Mục 3 Nghị quyết 76/NQ-CP ngày 18/6/2018
(9) - Theo mục e, khoản 2 Điều 43 Luật PCTT năm 2013 <br> Và theo hướng dẫn của UBND, BCH cấp huyện

www.phongchongthientai.mard.gov.vn
Facebook: Thông tin Phòng chống thiên tai

---

<!-- Page 7 to 8 -->
                                                                                                                                                                                                                                                                                                                                                                                                                                                                                                                                                                                                                                                                                                                                                                                                                                                                                                                                                                                                                                                                                                                                                                                                                                                                                                                                                                                                                                                                                                                                                                                                                                                                                                                                                                                                                                                                                                                                                                                                                                                                                                                                                                                                                                                                                                                                                                                                                                                                                                                                                                                                                                                                                                                                                                                                                                                                                                                                                                                                                                                                                                                                                                                                                                                                                                                                                                                                                                                                                                                                                                                                                                                                                                                                                                                                                                                                                                                                                                                                                                                                                                                                                                                                                                                                                                                                                                                                                                                                                                                                                                                                                                                                                                                                                                                                                                                                                                                                                                                                                                                                                                                                                                                                                                                                                                                                                                                                                                                                                                                                                                                                                                                                                                                                                                                                                                                                                                                                                                                                                                                                                                                                                                                                                                                                                                                                                                                                                                                                                                                                                                                                                                                                                                                                                                                                                                                                                                                                                                                                                                                                                                                                                                                                                                                                                                                                                                                                                                                                                                                                                                                                                                                                                                                                                                                                                                                                                                                                                                                                                                                                                                                                                                                                                                                                                                                                                                                                                                                                                                                                                                                                                                                                                                                                                                                                                                                                                                                                                                                                                                                                                                                                                                                                                                                                                                                                                                                                                                                                                                                                                                                                                                                                                                                                                                                                                                                                                                                                                                                                                                                                                                                                                                                                                                                                                                                                                                                                                                                                                                                                                                                                                                                                                                                                                                                                                                                                                                                                                                                                                                                                                                                                                                                                                                                                                                                                                                                                                                                                                                                                                                                                                                                                                                                                                                                                                                                                                                                                                                                                                                                                                                                                                                                                                                                                                                                                                                                                                                                                                                                                                                                                                                                                                                                                                                                                                                                                                                                                                                                                                                                                                                                                                                                                                                                                                                                                                                                                                                                                                                                                                                                                                                                                                                                                                                                                                                                                                                                                                                                                                                                                                                                                                                                                                                                                                                                                                                                                                                                                                                                                                                                                                                                                                                                                                                                                                                                                                                                                                                                                                                                                                                                                                                                                                                                                                                                                                                                                                                                                                                                                                                                                                                                                                                                                                                                                                                                                                                                                                                                                                                                                                                                                                                                                                                                                                                                                                                                                                                                                                                                                                                                                                                                                                                                                                                                                                                                                                                                                                                                                                                                                                                                                                                                                                                                                                                                                                                                                                                                                                                                                                                                                                                                                                                                                                                                                                                                                                                                                                                                                                                                                                                                                                                                                                                                                                                                                                                                                                                                                                                                                                                                                                                                                                                                                                                                                                                                                                                                                                                                                                                                                                                                                                                                                                                                                                                                                                                                                                                                                                                                                                                                                                                                                                                                                                                                                                                                                                                                                                                                                                                                                                                                                                                                                                                                                                                                                                                                                                                                                                                                                                                                                                                                                                                                                                                                                                                                                                                                                                                                                                                                                                                                                                                                                                                                                                                                                                                                                                                                                                                                                                                                                                                                                                                                                                                                                                                                                                                                                                                                                                                                                                                                                                                                                                                                                                                                                                                                                                                                                                                                                                                                                                                                                                                                                                                                                                                                                                                                                                                                                                                                                                                                                                                                                                                                                                                                                                                                                                                                                                                                                                                                                                                                                                                                                                                                                                                                                                                                                                                                                                                                                                                                                                                                                                                                                                                                                                                                                                                                                                                                                                                                                                                                                                                                                                                                                                                                                                                                                                                                                                                                                                                                                                                                                                                                                                                                                                                                                                                                                                                                                                                                                                                                                                                                                                                                                                                                                                                                                                                                                                                                                                                                                                                                                                                                                                                                                                                                                                                                                                                                                                                                                                                                                                                                                                                                                                                                                                                                                                                                                                                                                                                                                                                                                                                                                                                                                                                                                                                                                                                                                                                                                                                                                                                                                                                                                                                                                                                                                                                                                                                                                                                                                                                                                                                                                                                                                                                                                                                                                                                                                                                                                                                                                                                                                                                                                                                                                                                                                                                                                                                                                                                                                                                                                                                                                                                                                                                                                                                                                                                                                                                                                                                                                                                                                                                                                                                                                                                                                                                                                                                                                                                                                                                                                                                                                                                                                                                                                                                                                                                                                                                                                                                                                                                                                                                                                                                                                                                                                                                                                                                                                                                                                                                                                                                                                                                                                                                                                                                                                                                                                                                                                                                                                                                                                                                                                                                                                                                                                                                                                                                                                                                                                                                                                                                                                                                                                                                                                                                                                                                                                                                                                                                                                                                                                                                                                                                                                                                                                                                                                                                                                                                                                                                                                                                                                                                                                                                                                                                                                                                                                                                                                                                                                                                                                                                                                                                                                                                                                                                                                                                                                                                                                                                                                                                                                                                                                                                                                                                                                                                                                                                                                                                                                                                                                                                                                                                                                                                                                                                                                                                                                                                                                                                                                                                                                                                                                                                                                                                                                                                                                                                                                                                                                                                                                                                                                                                                                                                                                                                                                                                                                                                                                                                                                                                                                                                                                                                                                                                                                                                                                                                                                                                                                                                                                                                                                                                                                                                                                                                                                                                                                                                                                                                                                                                                                                                                                                                                                                                                                                                                                                                                                                                                                                                                                                                                                                                                                                                                                                                                                                                                                                                                                                                                                                                                                                                                                                                                                                                                                                                                                                                                                                                                                                                                                                                                                                                                                                                                                                                                                                                                                                                                                                                                                                                                                                                                                                                                                                                                                                                                                                                                                                                                                                                                                                                                                                                                                                                                                                                                                                                                                                                                                                                                                                                                                                                                                                                                                                                                                                                                                                                                                                                                                                                                                                                                                                                                                                                                                                                                                                                                                                                                                                                                                                                                                                                                                                                                                                                                                                                                                                                                                                                                                                                                                                                                                                                                                                                                                                                                                                                                                                                                                                                                                                                                                                                                                                                                                                                                                                                                                                                                                                                                                                                                                                                                                                                                                                                                                                                                                                                                                                                                                                                                                                                                                                                                                                                                                                                                                                                                                                                                                                                                                                                                                                                                                                                                                                                                                                                                                                                                                                                                                                                                                                                                                                                                                                                                                                                                                                                                                                                                                                                                                                                                                                                                                                                                                                                                                                                                                                                                                                                                                                                                                                                                                                                                                                                                                                                                                                                                                                                                                                                                                                                                                                                                                                                                                                                                                                                                                                                                                                                                                                                                                                                                                                                                                                                                                                                                                                                                                                                                                                                                                                                                                                                                                                                                                                                                                                                                                                                                                                                                                                                                                                                                                                                                                                                                                                                                                                                                                                                                                                                                                                                                                                                                                                                                                                                                                                                                                                                                                                                                                                                                                                                                                                                                                                                                                                                                                                                                                                                                                                                                                                                                                                                                                                                                                                                                                                                                                                                                                                                                                                                                                                                                                                                                                                                                                                                                                                                                                                                                                                                                                                                                                                                                                                                                                                                                                                                                                                                                                                                                                                                                                                                                                                                                                                                                                                                                                                                                                                                                                                                                                                                                                                                                                                                                                                                                                                                                                                                                                                                                                                                                                                                                                                                                                                                                                                                                                                                                                                                                                                                                                                                                                                                                                                                                                                                                                                                                                                                                                                                                                                                                                                                                                                                                                                                                                                                                                                                                                                                                                                                                                                                                                                                                                                                                                                                                                                                                                                                                                                                                                                                                                                                                                                                                                                                                                                                                                                                                                                                                                                                                                                                                                                                                                                                                                                                                                                                                                                                                                                                                                                                                                                                                                                                                                                                                                                                                                                                                                                                                                                                                                                                                                                                                                                                                                                                                                                                                                                                                                                                                                                                                                                                                                                                                                                                                                                                                                                                                                                                                                                                                                                                                                                                                                                                                                                                                                                                                                                                                                                                                                                                                                                                                                                                                                                                                                                                                                                                                                                                                                                                                                                                                                                                                                                                                                                                                                                                                                                                                                                                                                                                                                                                                                                                                                                                                                                                                                                                                                                                                                                                                                                                                                                                                                                                                                                                                                                                                                                                                                                                                                                                                                                                                                                                                                                                                                                                                                                                                                                                                                                                                                                                                                                                                                                                                                                                                                                                                                                                                                                                                                                                                                                                                                                                                                                                                                                                                                                                                                                                                                                                                                                                                                                                                                                                                                                                                                                                                                                                                                                                                                                                                                                                                                                                                                                                                                                                                                                                                                                                                                                                                                                                                                                                                                                                                                                                                                                                                                                                                                                                                                                                                                                                                                                                                                                                                                                                                                                                                                                                                                                                                                                                                                                                                                                                                                                                                                                                                                                                                                                                                                                                                                                                                                                                                                                                                                                                                                                                                                                                                                                                                                                                                                                                                                                                                                                                                                                                                                                                                                                                                                                                                                                                                                                                                                                                                                                                                                                                                                                                                                                                                                                                                                                                                                                                                                                                                                                                                                                                                                                                                                                                                                                                                                                                                                                                                                                                                                                                                                                                                                                                                                                                                                                                                                                                                                                                                                                                                                                                                                                                                                                                                                                                                                                                                                                                                                                                                                                                                                                                                                                                                                                                                                                                                                                                                                                                                                                                                                                                                                                                                                                                                                                                                                                                                                                                                                                                                                                                                                                                                                                                                                                                                                                                                                                                                                                                                                                                                                                                                                                                                                                                                                                                                                                                                                                                                                                                                                                                                                                                                                                                                                                                                                                                                                                                                                                                                                                                                                                                                                                                                                                                                                                                                                                                                                                                                                                                                                                                                                                                                                                                                                                                                                                                                                                                                                                                                                                                                                                                                                                                                                                                                                                                                                                                                                                                                                                                                                                                                                                                                                                                                                                                                                                                                                                                                                                                                                                                                                                                                                                                                                                                                                                                                                                                                                                                                                                                                                                                                                                                                                                                                                                                                                                                                                                                                                                                                                                                                                                                                                                                                                                                                                                                                                                                                                                                                                                                                                                                                                                                                                                                                                                                                                                                                                                                                                                                                                                                                                                                                                                                                                                                                                                                                                                                                                                                                                                                                                                                                                                                                                                                                                                                                                                                                                                                                                                                                                                                                                                                                                                                                                                                                                                                                                                                                                                                                                                                                                                                                                                                                                                                                                                                                                                                                                                                                                                                                                                                                                                                                                                                                                                                                                                                                                                                                                                                                                                                                                                                                                                                                                                                                                                                                                                                                                                                                                                                                                                                                                                                                                                                                                                                                                                                                                                                                                                                                                                                                                                                                                                                                                                                                                                                                                                                                                                                                                                                                                                                                                                                                                                                                                                                                                                                                                                                                                                                                                                                                                                                                                                                                                                                                                                                                                                                                                                                                                                                                                                                                                                                                                                                                                                                                                                                                                                                                                                                                                                                                                                                                                                                                                                                                                                                                                                                                                                                                                                                                                                                                                                                                                                                                                                                                                                                                                                                                                                                                                                                                                                                                                                                                                                                                                                                                                                                                                                                                                                                                                                                                                                                                                                                                                                                                                                                                                                                                                                                                                                                                                                                                                                                                                                                                                                                                                                                                                                                                                                                                                                                                                                                                                                                                                                                                                                                                                                                                                                                                                                                                                                                                                                                                                                                                                                                                                                                                                                                                                                                                                                                                                                                                                                                                                                                                                                                                                                                                                                                                                                                                                                                                                                                                                                                                                                                                                                                                                                                                                                                                                                                                                                                                                                                                                                                                                                                                                                                                                                                                                                                                                                                                                                                                                                                                                                                                                                                                                                                                                                                                                                                                                                                                                                                                                                                                                                                                                                                                                                                                                                                                                                                                                                                                                                                                                                                                                                                                                                                                                                                                                                                                                                                                                                                                                                                                                                                                                                                                                                                                                                                                                                                                                                                     

---

<!-- Page 9 to 10 -->
SỔ TAY CÔNG TÁC PHÒNG, CHỐNG THIÊN TAI

> [MÔ TẢ HÌNH ẢNH/SƠ ĐỒ]: Logo của ""BAN CHỈ ĐẠO QUỐC GIA VỀ PHÒNG CHỐNG THIÊN TAI"" với biểu tượng hình tròn có ngôi sao vàng ở giữa, bao quanh là bông lúa và bánh răng, cùng với dòng chữ tên ban chỉ đạo.

44 www.phongchongthientai.mard.gov.vn

PHẦN II: NHIỆM VỤ CẦN TRIỂN KHAI ĐỐI VỚI MỘT SỐ LOẠI THIÊN TAI ĐIỂN HÌNH","7 nhóm nội dung gồm: (1) Xây dựng, cập nhật Kế hoạch PCTT; (2) Xây dựng và phê duyệt phương án ứng phó theo cấp độ rủi ro; (3) Tuyên truyền, phổ biến kiến thức PCTT trong nhân dân; (4) Đào tạo, tập huấn cho lực lượng xung kích cơ sở; (5) Rà soát, kiểm tra các điểm có nguy cơ cao xảy ra thiên tai; (6) Chuẩn bị đầy đủ cơ sở vật chất, hậu cần theo phương châm 4 tại chỗ; (7) Thu nộp và quản lý Quỹ PCTT.",30c127a0d6194029ae17dbc19131e2f4.md,community_governance,7 nhóm nội dung hoạt động phòng ngừa thiên tai cấp xã,medium,"7 nhóm nội dung, phòng ngừa thiên tai, kế hoạch PCTT, rà soát điểm nguy cơ, tập huấn xung kích, 4 tại chỗ"
TERRA_QA_035,"Trong giai đoạn phòng ngừa đối với bão và áp thấp nhiệt đới, Ban chỉ huy cấp xã cần thực hiện các nhiệm vụ trọng tâm nào?","### 10 NHIỆM VỤ TRONG GIAI ĐOẠN PHÒNG NGỪA

Tập trung chỉ đạo triển khai thực hiện một số nhiệm vụ chính sau:

**GIAI ĐOẠN PHÒNG NGỪA**
1. Chuẩn bị nguồn lực để sẵn sàng triển khai phương án sơ tán dân cư ở nhà tạm, nhà yếu, các hộ dân ở khu vực trũng, thấp, vùng ven biển để đề phòng nước dâng hoặc mưa lớn do bão, ATNĐ.
2. Chỉ đạo cấp xã việc kê khai ban đầu với các hộ chăn nuôi tập trung, nuôi trồng thủy sản để làm cơ sở hỗ trợ khi xảy ra thiệt hại.
3. Thực hiện dự trữ lương thực, thực phẩm, thuốc phòng, chữa bệnh và các nhu yếu phẩm thiết yếu tại địa bàn dễ bị chia cắt, cô lập khi xảy ra thiên tai. Vận động các hộ dân, các cơ quan, tổ chức trên địa bàn chủ động dự trữ nguồn lực theo phương châm “bốn tại chỗ”.
4. Quản lý tàu thuyền của địa phương: Thống kê, kiểm đếm số lượng tàu thuyền hoạt động trên biển, ven bờ và neo đậu. Quản lý các hoạt động nuôi trồng thủy, hải sản trên địa bàn.
5. Rà soát thống kê, lập danh sách các hộ dân đang ở nhà tạm, nhà yếu; hướng dẫn và yêu cầu các hộ chủ động chằng, chống nhà ở trước mùa mưa bão.
6. Thành lập đội ứng phó khẩn cấp làng, xã (đào tạo về sơ cứu, tìm kiếm cứu nạn, cảnh báo sớm,.) dựa vào làng, xã.
7. Xác định các địa điểm an toàn và lập các kế hoạch sơ tán, đảm bảo mọi người biết nơi sơ tán khi cần thiết và làm thế nào tới đó.
8. Chuẩn bị lực lượng, phương tiện và hậu cần phục vụ công tác sơ tán trong trường hợp khẩn cấp.
9. Chuẩn bị sẵn sàng phương án bảo đảm thông tin, liên lạc, bảo đảm giao thông phục vụ chỉ huy và triển khai các hoạt động ứng phó khi xảy ra thiên tai; quy định thống nhất hiệu lệnh báo động khi sử dụng các công cụ: kẻng, trống... đồng thời phổ biến đến từng hộ dân để nhận biết thông tin về báo động khi có bão, ATNĐ.
10. Tổ chức trực ban theo quy định để chỉ huy, điều hành công tác chuẩn bị và triển khai kế hoạch, biện pháp ứng phó khi bão, ATNĐ xảy ra.

Facebook: Thông tin Phòng chống thiên tai 45

SỔ TAY CÔNG TÁC PHÒNG, CHỐNG THIÊN TAI","Nhiệm vụ phòng ngừa gồm: Theo dõi sát bản tin dự báo bão; Thông báo cho nhân dân chằng chống nhà cửa, tỉa cành cây; Hướng dẫn tàu thuyền về nơi tránh trú an toàn (vùng ven biển); Rà soát phương án sơ tán dân vùng trũng thấp; Kiểm tra các công trình xung yếu, hồ đập; Chuẩn bị phương tiện cứu hộ, vật tư nhu yếu phẩm dự trữ; Phân công lực lượng ứng trực 24/24.",30c127a0d6194029ae17dbc19131e2f4.md,typhoon_flood,Nhiệm vụ phòng ngừa bão áp thấp nhiệt đới cấp xã,medium,"phòng ngừa bão, cấp xã, chằng chống nhà, trú tránh tàu thuyền, sơ tán dân vùng trũng, trực 24/24"
TERRA_QA_036,"Khi bão đổ bộ trực tiếp, Ban Chỉ huy PCTT cấp xã phải chỉ đạo triển khai các nhiệm vụ ứng phó khẩn cấp nào?","### 10 NHIỆM VỤ TRONG GIAI ĐOẠN ỨNG PHÓ

Tập trung chỉ đạo, triển khai thực hiện một số nhiệm vụ chính sau:

**GIAI ĐOẠN ỨNG PHÓ**
1. Xác định cấp bão đổ bộ, khu vực ảnh hưởng, phạm vi ngập lụt và mưa lũ; tình hình dân sinh, cơ sở hạ tầng dự kiến bị ảnh hưởng, tác động tại địa phương quản lý,...
2. Huy động lực lượng, phương tiện triển khai sơ tán dân ở những nhà không kiên cố, khu vực trũng, thấp ven biển, vùng cửa sông khu vực có nguy cơ bị sạt lở,... Chỉ đạo thực hiện bảo đảm hậu cần, an ninh, trật tự, vệ sinh môi trường tại nơi sơ tán.
3. Huy động lực lượng tại địa bàn hỗ trợ dân thu hoạch lúa, hoa màu, thủy, hải sản để hạn chế thiệt hại.
4. Cử lực lượng xung kích của địa phương tham gia xử lý sự cố các công trình đập, hồ chứa nước, công trình PCTT, thuỷ lợi,... trên địa bàn.
5. Phân công người cảnh giới, hướng dẫn giao thông tại các đoạn đường bị ngập, ngầm, đường tràn, những đoạn đường bị sạt lở.
6. Kiểm tra việc chấp hành lệnh cấm biển, lệnh cấm các bến đò hoạt động; rà soát kiên quyết không để người ở lại trên tàu, thuyền tại nơi neo đậu, trên các bè, chòi canh và phương tiện khác ở khu nuôi trồng, thủy, hải sản; phổ biến việc thực hiện cho học sinh nghỉ học.
7. Cử lực lượng, huy động phương tiện tham gia tìm kiếm, cứu nạn, triển khai công tác cứu hộ khi có yêu cầu.
8. Huy động nguồn lực tại chỗ để ƯPTT và cứu trợ khẩn cấp tại địa bàn. Trường hợp vượt quá khả năng, thẩm quyền phải báo cáo kịp thời với UBND và Ban Chỉ huy PCTT và TKCN cấp trên.
9. Triển khai lực lượng, huy động phương tiện tham gia tìm kiếm, cứu nạn và hoạt động cứu hộ khi có yêu cầu.
10. Tổng hợp và báo cáo kịp thời tình hình thiệt hại do thiên tai gây ra và chịu trách nhiệm về tính chính xác của thông tin, số liệu thiệt hại.

46 www.phongchongthientai.mard.gov.vn

PHẦN II: NHIỆM VỤ CẦN TRIỂN KHAI ĐỐI VỚI MỘT SỐ LOẠI THIÊN TAI ĐIỂN HÌNH","Nhiệm vụ ứng phó khẩn cấp: (1) Trực ban nghiêm túc, liên tục phát tin cảnh báo; (2) Triển khai sơ tán triệt để các hộ dân ở khu vực nguy hiểm đến nơi an toàn; (3) Hướng dẫn người dân không ra đường khi gió bão mạnh; (4) Sẵn sàng lực lượng cứu nạn cứu hộ ứng cứu kịp thời; (5) Đảm bảo thông tin liên lạc thông suốt; (6) Xử lý ngay các sự cố đê điều, sập đổ công trình.",30c127a0d6194029ae17dbc19131e2f4.md,typhoon_flood,Nhiệm vụ ứng phó khẩn cấp bão cấp xã,medium,"ứng phó bão, cấp xã, sơ tán khẩn cấp, cứu nạn cứu hộ, không ra đường, thông tin liên lạc"
TERRA_QA_037,"Sau khi bão tan, Ban Chỉ huy PCTT cấp xã cần thực hiện các nhiệm vụ khắc phục hậu quả nào để ổn định cuộc sống nhân dân?","### 08 NHIỆM VỤ GIAI ĐOẠN KHẮC PHỤC HẬU QUẢ

Tập trung chỉ đạo, triển khai thực hiện một số nhiệm vụ chính sau:

**GIAI ĐOẠN KHẮC PHỤC HẬU QUẢ**
1. Tiếp tục tham gia TKCN, cứu hộ, cứu chữa người bị thương, hỗ trợ lương thực, thuốc chữa bệnh, nước uống, nhu yếu phẩm thiết yếu, tại khu vực bị chia cắt và các hộ dân trở về từ nơi sơ tán; thực hiện chính sách an sinh xã hội và hỗ trợ để ổn định tâm lý của người dân.
2. Huy động lực lượng trên địa bàn hỗ trợ dân sửa chữa, dựng lại nhà cửa để sớm ổn định cuộc sống của nhân dân.
3. Tổ chức thực hiện nhiệm vụ bảo đảm an ninh, trật tự, vệ sinh môi trường, khử trùng nguồn nước, phòng chống dịch bệnh tại vùng ảnh hưởng bão.
4. Kiểm tra, giám sát các tổ chức, cá nhân trên địa bàn về cung ứng vật tư, hàng hóa thiết yếu, quản lý giá, bình ổn thị trường trên địa bàn.
5. Tổ chức kiểm tra, đánh giá, thống kê và tổng hợp thiệt hại, đề xuất hỗ trợ để báo cấp huyện.
6. Tiếp nhận, quản lý, phân bổ nguồn cứu trợ khẩn cấp của nhà nước, tổ chức, cá nhân, cộng đồng để ổn định đời sống, khôi phục sản xuất, khắc phục hậu quả thiên tai.
7. Chỉ đạo sửa chữa, khôi phục các công trình hạ tầng giao thông, đê điều, thủy lợi, trường học, trạm y tế và công trình hạ tầng công cộng thuộc phạm vi quản lý để sớm đưa công trình hoạt động, tập trung nguồn lực sửa chữa, phục hồi trường học, cơ sở y tế để bảo đảm việc học tập của học sinh và chăm sóc sức khỏe cộng đồng.
8. Tổ chức kiểm tra, thống kê, tổng hợp và đánh giá thiệt hại, đề xuất giải pháp khắc phục, hỗ trợ để báo cấp huyện.

Facebook: Thông tin Phòng chống thiên tai 47

---

<!-- Page 11 to 12 -->
SỔ TAY CÔNG TÁC PHÒNG, CHỐNG THIÊN TAI","Các nhiệm vụ gồm: Tìm kiếm cứu nạn người mất tích, cứu chữa người bị thương; Hỗ trợ các gia đình có nhà bị sập đổ, tốc mái sửa chữa nhà; Vệ sinh môi trường, xử lý nguồn nước sạch phòng dịch bệnh; Khôi phục mạng lưới điện, viễn thông và giao thông bị chia cắt; Thống kê, đánh giá thiệt hại báo cáo cấp huyện; Tiếp nhận và phân bổ cứu trợ kịp thời, công khai.",30c127a0d6194029ae17dbc19131e2f4.md,typhoon_flood,Nhiệm vụ khắc phục hậu quả bão cấp xã,medium,"khắc phục hậu quả, sau bão, sửa chữa nhà, nước sạch, vệ sinh môi trường, thống kê thiệt hại"
TERRA_QA_038,"Trong giai đoạn phòng ngừa đối với lũ quét và sạt lở đất, Ban Chỉ huy cấp xã tập trung vào 9 nhiệm vụ trọng tâm nào?","## 09 NHIỆM VỤ TRONG GIAI ĐOẠN PHÒNG NGỪA

Tập trung chỉ đạo, triển khai thực hiện một số nhiệm vụ chính sau:

**GIAI ĐOẠN PHÒNG NGỪA**
1. Trích lục bản đồ phân vùng nguy cơ sạt lở đất đá, lũ quét từ bản đồ chung của huyện; in sao bản đồ thành nhiều bản phát đến cấp thôn, bản và phổ biến đến cán bộ và nhân dân biết để chủ động việc xây dựng và tổ chức triển khai phương án ứng phó cho phù hợp.
2. Tuyên truyền nâng cao nhận thức cho cán bộ và nhân dân về nguy cơ lũ quét, sạt lở đất; phổ biến kiến thức, kinh nghiệm ứng phó thông qua các hình thức: phát tờ rơi, áp phích, Pano, khẩu hiệu, truyền thanh và cử cán bộ đến các thôn, bản để tuyên truyền, phổ biến kiến thức; phối hợp với cơ sở giáo dục tổ chức sinh hoạt ngoại khóa phổ biến kiến thức về thiên tai cho học sinh.
3. Triển khai thành lập, củng cố, đào tạo, tập huấn và tổ chức: hoạt động cho lực lượng xung kích PCTT tại cấp xã, thôn.
4. Tổ chức kiểm tra thực địa những vị trí có nguy cơ sạt lở đất đá, lũ quét; triển khai lắp đặt biển cảnh báo và bố trí lực lượng thường trực tại khu vực có nguy cơ cao xảy ra lũ quét, sạt lở đất.
5. Chuẩn bị nguồn lực để sẵn sàng triển khai phương án sơ tán dân cư ở khu vực có nguy cơ cao xảy ra lũ quét sạt lở đất đá, khu vực hạ lưu hồ chứa nước để đề phòng trường hợp hồ chứa phải xả lũ khẩn cấp hoặc nguy cơ xảy ra sự cố đập.
6. Kiểm tra, tham gia giám sát việc vận hành và phương án bảo đảm an toàn đập, hồ chứa nước trên địa bàn, đặc biệt đối với các hồ chứa nhỏ, hồ chứa đã xuống cấp; kiểm tra phương án bảo vệ dân cư vùng hạ lưu khi hồ chứa phải xả lũ khẩn cấp hoặc nguy cơ xảy ra sự cố đập.
7. Triển khai lực lượng, kiểm tra, phát hiện và phá bỏ điểm bị tắc nghẽn trên các suối; nạo vét, khai thông hệ thống kênh, mương, cống tiêu thoát nước.
8. Thực hiện dự trữ lương thực, thực phẩm, thuốc chữa bệnh và các nhu yếu phẩm thiết yếu tại địa bàn dễ bị chia cắt, cô lập khi xảy ra thiên tai.
9. Chuẩn bị sẵn sàng phương án bảo đảm thông tin, liên lạc, bảo đảm giao thông phục vụ chỉ huy và triển khai các hoạt động ứng phó khi xảy ra thiên tai; quy định thống nhất hiệu lệnh báo động khi sử dụng các công cụ truyền thống tại địa phương như: cồng chiêng, kẻng, trống, đồng thời phổ biến đến từng hộ để nhận biết thông tin về báo động thiên tai.

www.phongchongthientai.mard.gov.vn

PHẦN II: NHIỆM VỤ CẦN TRIỂN KHAI ĐỐI VỚI MỘT SỐ LOẠI THIÊN TAI ĐIỂN HÌNH","9 nhiệm vụ gồm: (1) Trích lục và in phát bản đồ phân vùng nguy cơ sạt lở đất, lũ quét đến thôn bản; (2) Tuyên truyền nâng cao nhận thức, phổ biến kiến thức cho dân và học sinh; (3) Kiện toàn, đào tạo lực lượng xung kích PCTT; (4) Kiểm tra thực địa các vị trí nguy cơ, lắp biển cảnh báo; (5) Chuẩn bị nguồn lực sơ tán dân vùng nguy cơ cao và hạ lưu hồ chứa; (6) Kiểm tra giám sát an toàn đập hồ chứa; (7) Phá bỏ điểm tắc nghẽn khe suối, nạo vét kênh mương; (8) Dự trữ lương thực, thuốc men tại vùng dễ cô lập; (9) Thống nhất hiệu lệnh báo động bằng công cụ truyền thống (kẻng, cồng chiêng).",30c127a0d6194029ae17dbc19131e2f4.md,landslide_flashflood,9 nhiệm vụ phòng ngừa lũ quét sạt lở đất cấp xã,hard,"9 nhiệm vụ, lũ quét sạt lở đất, phòng ngừa, trích lục bản đồ, biển cảnh báo, lực lượng xung kích, hiệu lệnh truyền thống"
TERRA_QA_039,"Khi xảy ra lũ quét, sạt lở đất trên địa bàn xã, 10 nhiệm vụ trong giai đoạn ứng phó khẩn cấp của chính quyền là gì?","# 10 NHIỆM VỤ TRONG GIAI ĐOẠN ỨNG PHÓ

Tập trung chỉ đạo, triển khai thực hiện một số nhiệm vụ chính sau:

**GIAI ĐOẠN ỨNG PHÓ**
1. Xác định cấp bão đổ bộ, khu vực ảnh hưởng, phạm vi ngập lụt và mưa lũ; tình hình dân sinh, cơ sở hạ tầng dự kiến bị ảnh hưởng, tác động tại địa phương quản lý,...
2. Huy động lực lượng, phương tiện triển khai sơ tán dân ở những nhà không kiên cố, khu vực trũng, thấp ven biển, vùng cửa sông khu vực có nguy cơ bị sạt lở,... Chỉ đạo thực hiện bảo đảm hậu cần, an ninh, trật tự, vệ sinh môi trường tại nơi sơ tán.
3. Huy động lực lượng tại địa bàn hỗ trợ dân thu hoạch lúa, hoa màu, thủy, hải sản để hạn chế thiệt hại.
4. Cử lực lượng xung kích của địa phương tham gia xử lý sự cố các công trình đập, hồ chứa nước, công trình PCTT, thuỷ lợi,... trên địa bàn.
5. Phân công người cảnh giới, hướng dẫn giao thông tại các đoạn đường bị ngập, ngầm, đường tràn, những đoạn đường bị sạt lở.
6. Kiểm tra việc chấp hành lệnh cấm biển, lệnh cấm các bến đò hoạt động; rà soát kiên quyết không để người ở lại trên tàu, thuyền tại nơi neo đậu, trên các bè, chòi canh và phương tiện khác ở khu nuôi trồng, thủy, hải sản; phổ biến việc thực hiện cho học sinh nghỉ học.
7. Cử lực lượng, huy động phương tiện tham gia tìm kiếm, cứu nạn, triển khai công tác cứu hộ khi có yêu cầu.
8. Huy động nguồn lực tại chỗ để ƯPTT và cứu trợ khẩn cấp tại địa bàn. Trường hợp vượt quá khả năng, thẩm quyền phải báo cáo kịp thời với UBND và Ban Chỉ huy PCTT và TKCN cấp trên.
9. Triển khai lực lượng, huy động phương tiện tham gia tìm kiếm, cứu nạn và hoạt động cứu hộ khi có yêu cầu.
10. Tổng hợp và báo cáo kịp thời tình hình thiệt hại do thiên tai gây ra và chịu trách nhiệm về tính chính xác của thông tin, số liệu thiệt hại.

46 www.phongchongthientai.mard.gov.vn

PHẦN II: NHIỆM VỤ CẦN TRIỂN KHAI ĐỐI VỚI MỘT SỐ LOẠI THIÊN TAI ĐIỂN HÌNH

### 08 NHIỆM VỤ GIAI ĐOẠN KHẮC PHỤC HẬU QUẢ

Tập trung chỉ đạo, triển khai thực hiện một số nhiệm vụ chính sau:

**GIAI ĐOẠN KHẮC PHỤC HẬU QUẢ**
1. Tiếp tục tham gia TKCN, cứu hộ, cứu chữa người bị thương, hỗ trợ lương thực, thuốc chữa bệnh, nước uống, nhu yếu phẩm thiết yếu, tại khu vực bị chia cắt và các hộ dân trở về từ nơi sơ tán; thực hiện chính sách an sinh xã hội và hỗ trợ để ổn định tâm lý của người dân.
2. Huy động lực lượng trên địa bàn hỗ trợ dân sửa chữa, dựng lại nhà cửa để sớm ổn định cuộc sống của nhân dân.
3. Tổ chức thực hiện nhiệm vụ bảo đảm an ninh, trật tự, vệ sinh môi trường, khử trùng nguồn nước, phòng chống dịch bệnh tại vùng ảnh hưởng bão.
4. Kiểm tra, giám sát các tổ chức, cá nhân trên địa bàn về cung ứng vật tư, hàng hóa thiết yếu, quản lý giá, bình ổn thị trường trên địa bàn.
5. Tổ chức kiểm tra, đánh giá, thống kê và tổng hợp thiệt hại, đề xuất hỗ trợ để báo cấp huyện.
6. Tiếp nhận, quản lý, phân bổ nguồn cứu trợ khẩn cấp của nhà nước, tổ chức, cá nhân, cộng đồng để ổn định đời sống, khôi phục sản xuất, khắc phục hậu quả thiên tai.
7. Chỉ đạo sửa chữa, khôi phục các công trình hạ tầng giao thông, đê điều, thủy lợi, trường học, trạm y tế và công trình hạ tầng công cộng thuộc phạm vi quản lý để sớm đưa công trình hoạt động, tập trung nguồn lực sửa chữa, phục hồi trường học, cơ sở y tế để bảo đảm việc học tập của học sinh và chăm sóc sức khỏe cộng đồng.
8. Tổ chức kiểm tra, thống kê, tổng hợp và đánh giá thiệt hại, đề xuất giải pháp khắc phục, hỗ trợ để báo cấp huyện.

Facebook: Thông tin Phòng chống thiên tai 47

---

<!-- Page 11 to 12 -->
SỔ TAY CÔNG TÁC PHÒNG, CHỐNG THIÊN TAI

# NHIỆM VỤ CẦN TRIỂN KHAI ĐỐI VỚI LŨ QUÉT, SẠT LỞ ĐẤT

## 09 NHIỆM VỤ TRONG GIAI ĐOẠN PHÒNG NGỪA

Tập trung chỉ đạo, triển khai thực hiện một số nhiệm vụ chính sau:

**GIAI ĐOẠN PHÒNG NGỪA**
1. Trích lục bản đồ phân vùng nguy cơ sạt lở đất đá, lũ quét từ bản đồ chung của huyện; in sao bản đồ thành nhiều bản phát đến cấp thôn, bản và phổ biến đến cán bộ và nhân dân biết để chủ động việc xây dựng và tổ chức triển khai phương án ứng phó cho phù hợp.
2. Tuyên truyền nâng cao nhận thức cho cán bộ và nhân dân về nguy cơ lũ quét, sạt lở đất; phổ biến kiến thức, kinh nghiệm ứng phó thông qua các hình thức: phát tờ rơi, áp phích, Pano, khẩu hiệu, truyền thanh và cử cán bộ đến các thôn, bản để tuyên truyền, phổ biến kiến thức; phối hợp với cơ sở giáo dục tổ chức sinh hoạt ngoại khóa phổ biến kiến thức về thiên tai cho học sinh.
3. Triển khai thành lập, củng cố, đào tạo, tập huấn và tổ chức: hoạt động cho lực lượng xung kích PCTT tại cấp xã, thôn.
4. Tổ chức kiểm tra thực địa những vị trí có nguy cơ sạt lở đất đá, lũ quét; triển khai lắp đặt biển cảnh báo và bố trí lực lượng thường trực tại khu vực có nguy cơ cao xảy ra lũ quét, sạt lở đất.
5. Chuẩn bị nguồn lực để sẵn sàng triển khai phương án sơ tán dân cư ở khu vực có nguy cơ cao xảy ra lũ quét sạt lở đất đá, khu vực hạ lưu hồ chứa nước để đề phòng trường hợp hồ chứa phải xả lũ khẩn cấp hoặc nguy cơ xảy ra sự cố đập.
6. Kiểm tra, tham gia giám sát việc vận hành và phương án bảo đảm an toàn đập, hồ chứa nước trên địa bàn, đặc biệt đối với các hồ chứa nhỏ, hồ chứa đã xuống cấp; kiểm tra phương án bảo vệ dân cư vùng hạ lưu khi hồ chứa phải xả lũ khẩn cấp hoặc nguy cơ xảy ra sự cố đập.
7. Triển khai lực lượng, kiểm tra, phát hiện và phá bỏ điểm bị tắc nghẽn trên các suối; nạo vét, khai thông hệ thống kênh, mương, cống tiêu thoát nước.
8. Thực hiện dự trữ lương thực, thực phẩm, thuốc chữa bệnh và các nhu yếu phẩm thiết yếu tại địa bàn dễ bị chia cắt, cô lập khi xảy ra thiên tai.
9. Chuẩn bị sẵn sàng phương án bảo đảm thông tin, liên lạc, bảo đảm giao thông phục vụ chỉ huy và triển khai các hoạt động ứng phó khi xảy ra thiên tai; quy định thống nhất hiệu lệnh báo động khi sử dụng các công cụ truyền thống tại địa phương như: cồng chiêng, kẻng, trống, đồng thời phổ biến đến từng hộ để nhận biết thông tin về báo động thiên tai.

www.phongchongthientai.mard.gov.vn

PHẦN II: NHIỆM VỤ CẦN TRIỂN KHAI ĐỐI VỚI MỘT SỐ LOẠI THIÊN TAI ĐIỂN HÌNH

# 10 NHIỆM VỤ TRONG GIAI ĐOẠN ỨNG PHÓ

Tập trung chỉ đạo, triển khai thực hiện một số nhiệm vụ chính sau:

**GIAI ĐOẠN ỨNG PHÓ**
1. Thực hiện trách nhiệm và thẩm quyền của BCH trong ứng phó thiên tai theo cấp độ rủi ro thiên tai.
2. Tổ chức trực ban cập nhật thông tin, theo dõi diễn biến thiên tai, thực hiện các biện pháp ứng phó.
3. Trực tiếp chỉ huy các biện pháp UPTT. Triển khai lực lượng bảo đảm thông tin liên lạc, giao thông.
4. Cập nhật bản tin cảnh báo, dự báo khí tượng thủy văn trên đài truyền hình, đài phát thanh và từ cấp trên chuyển đến, đồng thời theo dõi diễn biến mưa tại địa bàn để cảnh báo đến người dân trên địa bàn, đặc biệt nhân dân sống ở khu vực ven sông, suối và khu vực có nguy cơ sạt lở, lũ quét khu vực hạ lưu đập, hồ chứa nước để chủ động ứng phó.
5. Huy động lực lượng xung kích PCTT, các lực lượng tại chỗ và phương tiện triển khai sơ tán dân ở vùng có nguy cơ cao sạt lở đất, lũ quét và các hộ dân ở vùng trũng, thấp ven sông suối và khu dân cư ở hạ lưu hồ chứa khi hồ xả lũ khẩn cấp hoặc nguy cơ xảy ra sự cố. Chỉ đạo thực hiện bảo đảm hậu cần, an ninh, trật tự, vệ sinh môi trường tại nơi sơ tán.
6. Triển khai lực lượng xung kích của địa phương tham gia xử lý sự cố các công trình đập, hồ chứa nước, công trình PCTT, thuỷ lợi, công trình giao thông, điện lực trên địa bàn.
7. Phân công người cảnh giới tại các điểm có nguy cơ xảy ra lũ, lũ quét, sạt lở và cảnh giới, hướng dẫn giao thông tại các ngầm, đường tràn khi xuất hiện lũ.
8. Kiểm tra việc thực hiện lệnh cấm các bến đò hoạt động; yêu cầu người dân thực hiện nghiêm lệnh cấm vớt gỗ, củi trên sông, suối, hồ khi có lũ.
9. Trực tiếp chỉ huy thực hiện phương châm “bốn tại chỗ” khi xảy ra lũ quét, sạt lở đất.
10. Tổ chức lực lượng, huy động phương tiện tham gia TKCN, cứu hộ.

Facebook: Thông tin Phòng chống thiên tai 49

SỔ TAY CÔNG TÁC PHÒNG, CHỐNG THIÊN TAI","10 nhiệm vụ gồm: (1) Thực hiện trách nhiệm theo cấp độ rủi ro; (2) Trực ban 24/24 theo dõi sát thiên tai; (3) Trực tiếp chỉ huy ƯPTT, bảo đảm giao thông và thông tin; (4) Cập nhật và phát bản tin cảnh báo đến dân ven sông suối, hạ lưu đập; (5) Huy động lực lượng xung kích sơ tán dân vùng nguy cơ sạt lở, trũng thấp; (6) Tham gia xử lý sự cố công trình đập, hồ chứa, điện, giao thông; (7) Phân công người cảnh giới tại ngầm, tràn, điểm nguy cơ cao; (8) Kiểm tra cấm đò hoạt động, cấm vớt củi trên sông suối; (9) Chỉ huy thực hiện phương châm 4 tại chỗ; (10) Huy động phương tiện tham gia TKCN.",30c127a0d6194029ae17dbc19131e2f4.md,landslide_flashflood,10 nhiệm vụ ứng phó khẩn cấp lũ quét sạt lở đất cấp xã,hard,"10 nhiệm vụ, ứng phó lũ quét, sạt lở đất, sơ tán dân, cảnh giới ngầm tràn, cấm vớt củi, tìm kiếm cứu nạn"
TERRA_QA_040,"Trong giai đoạn khắc phục hậu quả lũ quét và sạt lở đất, Ban Chỉ huy cấp xã cần thực hiện 9 nhiệm vụ trọng tâm nào?","## 09 NHIỆM VỤ GIAI ĐOẠN KHẮC PHỤC HẬU QUẢ

**GIAI ĐOẠN KPHQ**
1. Tiếp tục tham gia TKCN, cứu hộ, cứu chữa người bị thương, hỗ trợ lương thực, thuốc chữa bệnh, nước uống, nhu yếu phẩm thiết yếu, tại khu vực bị chia cắt và địa điểm sơ tán.
2. Huy động lực lượng trên địa bàn hỗ trợ dân sửa chữa nhà cửa, trạm y tế, trường học bị hư hỏng để sớm ổn định cuộc sống của nhân dân và việc học tập của học sinh.
3. Tổ chức thực hiện nhiệm vụ bảo đảm an ninh, trật tự, vệ sinh môi trường, khử trùng nguồn nước, phòng chống dịch bệnh tại vùng ảnh hưởng thiên tai.
4. Kiểm tra, giám sát các tổ chức, cá nhân trên địa bàn về cung ứng vật tư, hàng hóa thiết yếu, quản lý giá, bình ổn thị trường trên địa bàn.
5. Tổ chức kiểm tra, đánh giá, thống kê và tổng hợp thiệt hại, đề xuất hỗ trợ để báo cấp huyện.
6. Tiếp nhận, quản lý, phân bổ nguồn cứu trợ khẩn cấp của nhà nước, tổ chức, cá nhân, cộng đồng để ổn định đời sống, khôi phục sản xuất, KPHQ thiên tai.
7. Chỉ đạo sửa chữa, khôi phục các công trình hạ tầng giao thông, thủy lợi, trường học, trạm y tế và công trình hạ tầng công cộng thuộc phạm vi quản lý.
8. Xây dựng, đề xuất cấp trên kế hoạch PHTT sau thiên tai.
9. Tổng kết, đánh giá kết quả thực hiện và báo cáo cấp huyện.

50 www.phongchongthientai.mard.gov.vn","9 nhiệm vụ gồm: (1) Tiếp tục TKCN, cứu chữa người bị thương, cung cấp lương thực nước uống tại vùng cô lập; (2) Huy động lực lượng hỗ trợ dân sửa chữa nhà, trạm y tế, trường học; (3) Đảm bảo an ninh trật tự, vệ sinh môi trường, khử trùng nước sạch phòng dịch; (4) Kiểm tra giám sát cung ứng hàng hóa thiết yếu, bình ổn giá; (5) Kiểm tra thống kê tổng hợp thiệt hại báo cáo huyện; (6) Tiếp nhận phân bổ cứu trợ công khai minh bạch; (7) Sửa chữa hạ tầng giao thông thủy lợi trường trạm; (8) Đề xuất kế hoạch phục hồi tái thiết; (9) Tổng kết đánh giá kết quả.",30c127a0d6194029ae17dbc19131e2f4.md,landslide_flashflood,9 nhiệm vụ khắc phục hậu quả lũ quét sạt lở cấp xã,medium,"9 nhiệm vụ, khắc phục hậu quả, sạt lở lũ quét, cứu trợ, khử trùng nước sạch, thống kê thiệt hại, bình ổn giá"
TERRA_QA_041,"Trách nhiệm của cấp xã trong việc kiểm tra, giám sát hồ đập thủy lợi và bảo vệ dân cư hạ lưu đập được quy định ra sao?","6. Kiểm tra, tham gia giám sát việc vận hành và phương án bảo đảm an toàn đập, hồ chứa nước trên địa bàn, đặc biệt đối với các hồ chứa nhỏ, hồ chứa đã xuống cấp; kiểm tra phương án bảo vệ dân cư vùng hạ lưu khi hồ chứa phải xả lũ khẩn cấp hoặc nguy cơ xảy ra sự cố đập.","Chính quyền cấp xã có trách nhiệm kiểm tra, tham gia giám sát việc vận hành và phương án bảo đảm an toàn đập, hồ chứa nước trên địa bàn (nhất là các hồ chứa nhỏ, hồ đã xuống cấp); đồng thời kiểm tra và chuẩn bị sẵn sàng phương án bảo vệ, sơ tán dân cư vùng hạ lưu khi hồ chứa phải xả lũ khẩn cấp hoặc có nguy cơ xảy ra sự cố đập.",30c127a0d6194029ae17dbc19131e2f4.md,landslide_flashflood,Giám sát an toàn hồ chứa và phương án xả lũ hạ lưu,medium,"an toàn hồ đập, hồ chứa nhỏ, hạ lưu đập, xả lũ khẩn cấp, sơ tán dân hạ lưu"
TERRA_QA_042,"Tại sao ở vùng miền núi cần quy định thống nhất hiệu lệnh báo động thiên tai bằng công cụ truyền thống (kẻng, cồng chiêng, trống)?","9. Chuẩn bị sẵn sàng phương án bảo đảm thông tin, liên lạc, bảo đảm giao thông phục vụ chỉ huy và triển khai các hoạt động ứng phó khi xảy ra thiên tai; quy định thống nhất hiệu lệnh báo động khi sử dụng các công cụ: kẻng, trống... đồng thời phổ biến đến từng hộ dân để nhận biết thông tin về báo động khi có bão, ATNĐ.
10. Tổ chức trực ban theo quy định để chỉ huy, điều hành công tác chuẩn bị và triển khai kế hoạch, biện pháp ứng phó khi bão, ATNĐ xảy ra.

Facebook: Thông tin Phòng chống thiên tai 45

SỔ TAY CÔNG TÁC PHÒNG, CHỐNG THIÊN TAI

### 10 NHIỆM VỤ TRONG GIAI ĐOẠN ỨNG PHÓ

Tập trung chỉ đạo, triển khai thực hiện một số nhiệm vụ chính sau:

**GIAI ĐOẠN ỨNG PHÓ**
1. Xác định cấp bão đổ bộ, khu vực ảnh hưởng, phạm vi ngập lụt và mưa lũ; tình hình dân sinh, cơ sở hạ tầng dự kiến bị ảnh hưởng, tác động tại địa phương quản lý,...
2. Huy động lực lượng, phương tiện triển khai sơ tán dân ở những nhà không kiên cố, khu vực trũng, thấp ven biển, vùng cửa sông khu vực có nguy cơ bị sạt lở,... Chỉ đạo thực hiện bảo đảm hậu cần, an ninh, trật tự, vệ sinh môi trường tại nơi sơ tán.
3. Huy động lực lượng tại địa bàn hỗ trợ dân thu hoạch lúa, hoa màu, thủy, hải sản để hạn chế thiệt hại.
4. Cử lực lượng xung kích của địa phương tham gia xử lý sự cố các công trình đập, hồ chứa nước, công trình PCTT, thuỷ lợi,... trên địa bàn.
5. Phân công người cảnh giới, hướng dẫn giao thông tại các đoạn đường bị ngập, ngầm, đường tràn, những đoạn đường bị sạt lở.
6. Kiểm tra việc chấp hành lệnh cấm biển, lệnh cấm các bến đò hoạt động; rà soát kiên quyết không để người ở lại trên tàu, thuyền tại nơi neo đậu, trên các bè, chòi canh và phương tiện khác ở khu nuôi trồng, thủy, hải sản; phổ biến việc thực hiện cho học sinh nghỉ học.
7. Cử lực lượng, huy động phương tiện tham gia tìm kiếm, cứu nạn, triển khai công tác cứu hộ khi có yêu cầu.
8. Huy động nguồn lực tại chỗ để ƯPTT và cứu trợ khẩn cấp tại địa bàn. Trường hợp vượt quá khả năng, thẩm quyền phải báo cáo kịp thời với UBND và Ban Chỉ huy PCTT và TKCN cấp trên.
9. Triển khai lực lượng, huy động phương tiện tham gia tìm kiếm, cứu nạn và hoạt động cứu hộ khi có yêu cầu.
10. Tổng hợp và báo cáo kịp thời tình hình thiệt hại do thiên tai gây ra và chịu trách nhiệm về tính chính xác của thông tin, số liệu thiệt hại.

46 www.phongchongthientai.mard.gov.vn","Ở vùng miền núi khi bão lũ sạt lở xảy ra thường làm sập cột điện, mất sóng di động. Do đó, việc quy định thống nhất hiệu lệnh báo động bằng công cụ truyền thống (cồng chiêng, kẻng, trống) và phổ biến đến từng hộ gia đình là bắt buộc để người dân lập tức nhận biết nguy cơ khẩn cấp và chủ động sơ tán ngay cả khi mất điện, mất mạng.",30c127a0d6194029ae17dbc19131e2f4.md,community_governance,Quy chuẩn hiệu lệnh báo động thiên tai truyền thống,medium,"hiệu lệnh báo động, công cụ truyền thống, kẻng, cồng chiêng, trống, mất thông tin liên lạc"
TERRA_QA_043,"Theo Quyết định số 18/2021/QĐ-TTg, sạt lở đất do mưa lũ hoặc dòng chảy được định nghĩa như thế nào?","Sạt lở đất do mưa lũ hoặc dòng chảy hoặc hạn hán là hiện tượng đất, đá bị sạt,
trượt, lở do tác động của các điều kiện nêu trên (Khoản 29, Điều 5 Quyết định số
18/2021/QĐ-TTg)
Sạt lở đất là khối đất ở sườn dốc bị tách khỏi vị trí ban đầu và dịch chuyển xuống
phía dưới. Quá trình sạt lở là sự đan xen giữa hiện tượng dịch chuyển trượt và hiện
tượng sụp đổ của khối đất ở sườn dốc.","Theo Khoản 29, Điều 5 Quyết định 18/2021/QĐ-TTg, sạt lở đất do mưa lũ hoặc dòng chảy hoặc hạn hán là hiện tượng đất, đá bị sạt, trượt, lở do tác động của các điều kiện trên. Sạt lở đất là khối đất ở sườn dốc bị tách khỏi vị trí ban đầu và dịch chuyển xuống phía dưới, là sự đan xen giữa hiện tượng dịch chuyển trượt và sụp đổ của khối đất ở sườn dốc.",73408b097cb247f7954ae73dbfdce7e4.md,landslide_flashflood,Khái niệm sạt lở đất theo quy chuẩn pháp lý,easy,"sạt lở đất, Quyết định 18/2021/QĐ-TTg, sườn dốc, tách khỏi vị trí ban đầu, dịch chuyển trượt"
TERRA_QA_044,Nguyên nhân gây sạt lở đất thường liên quan đến những yếu tố nào gây mất ổn định sườn dốc?,"Nguyên nhân gây sạt lở đất thường liên quan đến những yếu tố gây mất ổn định
sườn dốc, thường xác định bởi một hoặc nhiều yếu tố nguyên nhân và chỉ một yếu tố
kích hoạt. Nguyên nhân sạt lở có thể là:
- Điều kiện địa chất, địa hình, địa mạo, các điều kiện tự nhiên khác và các yếu tố
liên quan đến các hoạt động của con người.
-","Nguyên nhân gây sạt lở thường liên quan đến các yếu tố làm mất ổn định sườn dốc, xác định bởi một hoặc nhiều yếu tố nguyên nhân kết hợp với một yếu tố kích hoạt. Các nguyên nhân bao gồm điều kiện địa chất, địa hình, địa mạo, điều kiện tự nhiên khác và các hoạt động của con người.",73408b097cb247f7954ae73dbfdce7e4.md,landslide_flashflood,Đặc điểm hình thành và nguyên nhân sạt lở sườn dốc,medium,"mất ổn định sườn dốc, nguyên nhân sạt lở, yếu tố kích hoạt, địa hình địa mạo, tác động con người"
TERRA_QA_045,"Những yếu tố kích hoạt ngoại sinh, nội sinh và nhân sinh nào có thể làm bùng phát hiện tượng sạt lở đất đá?","Yếu tố kích hoạt có thể là các yếu tố ngoại sinh như mưa, bão, lũ, lụt, các quá
trình phong hóa đất đá,...., các yếu tố nội sinh như động đất, hoặc các yếu tố nhân sinh
như phá rừng, nổ mìn, khai thác khoáng sản, san lấp, cắt, xẻ sườn đồi, núi.
- Tại các khu vực bị tàn phá bởi cháy rừng, quản lý đất đai kém, đặc biệt là ở khu
vực miền núi, hẻm núi và vùng ven biển, ven sông thậm chí chỉ một lượng mưa nhỏ
cũng sẽ gây ra hiện tượng sạt, lở đất. Có thể thấy vai trò quan trọng của ý thức con
người trong việc quy hoạch sử dụng đất, khai thác và sử dụng tài nguyên thiên nhiên và
ứng phó, xử lý với các tình huống sạt, lở đất.","Yếu tố kích hoạt ngoại sinh gồm: mưa bão, lũ lụt, quá trình phong hóa đất đá; yếu tố nội sinh gồm động đất; và yếu tố nhân sinh gồm phá rừng, nổ mìn, khai thác khoáng sản, san lấp, cắt xẻ sườn đồi núi. Tại các khu vực bị cháy rừng hoặc quản lý đất kém, chỉ cần một lượng mưa nhỏ cũng có thể kích hoạt sạt lở.",73408b097cb247f7954ae73dbfdce7e4.md,landslide_flashflood,Các yếu tố kích hoạt sạt lở đất,medium,"yếu tố kích hoạt, ngoại sinh, mưa bão, động đất, nhân sinh, chặt phá rừng, cắt xẻ sườn đồi"
TERRA_QA_046,Hiện tượng thay đổi áp lực nước lỗ rỗng trong các đợt mưa bão ngắn cường độ cao gây sạt lở đất theo cơ chế nào?,"Thay đổi áp lực nước lỗ hổng: hiện tượng sạt lở gia tăng trong những đợt mưa
bão ngắn với cường độ cao, áp lực nước lỗ hổng tăng lên làm mất độ ổn định mái dốc.
Việc bổ sung nước vào các vật liệu chứa đất sét giảm lực dính giữa các thành phần trong
lòng đất dẫn đến sự cố, tai nạn sạt lở đất, đá.
    + Trên bề mặt không có thảm thực vật và các loài sinh vật làm đất bị mất kết cấu,
thiếu chất dinh dưỡng.

63

---

<!-- Page 13 to 14 -->
b. Hoạt động PCTT được triển khai chủ động và có hiệu quả, đáp ứng nhu cầu dân sinh trong Kế hoạch PCTT; Phương án ứng phó thiên tai theo cấp độ RRTT; và Thực hiện có hiệu quả kế hoạch PCTT được phê duyệt.
c. Về cơ sở hạ tầng thiết yếu đề cập đến các vấn đề như: Quy hoạch, xây dựng cơ sở hạ tầng; Thông tin, cảnh báo và ứng phó thiên tai; và Thực thi pháp luật về bảo vệ công trình PCTT.","Hiện tượng sạt lở gia tăng trong những đợt mưa bão ngắn cường độ cao do áp lực nước lỗ rỗng tăng lên làm mất độ ổn định mái dốc. Lượng nước bổ sung vào các vật liệu chứa đất sét làm giảm lực dính giữa các phần tử trong lòng đất, đồng thời thiếu thảm thực vật che phủ làm đất mất liên kết kết cấu, dẫn đến sự cố sạt lở đất đá.",73408b097cb247f7954ae73dbfdce7e4.md,landslide_flashflood,Cơ chế áp lực nước lỗ rỗng gây sạt trượt đất sét,hard,"áp lực nước lỗ rỗng, mưa cường độ cao, đất sét, giảm lực dính, thảm thực vật, mất kết cấu"
TERRA_QA_047,"Theo Quyết định số 18/2021/QĐ-TTg, bão là gì và được phân cấp như thế nào?","Bão là một xoáy thuận nhiệt đới có sức gió mạnh nhất từ cấp 8 trở lên và có thể có gió giật. Bão có sức gió mạnh nhất từ cấp 10 đến cấp 11 gọi là bão mạnh, từ cấp 12 đến cấp 15 gọi là bão rất mạnh, từ cấp 16 trở lên gọi là siêu bão (Khoản 7, Điều 5 và Phụ lục III Quyết định số 18/2021/QĐ-TTg)","Bão là xoáy thuận nhiệt đới có sức gió mạnh nhất từ cấp 8 trở lên và có thể có gió giật. Bão có sức gió từ cấp 10 đến cấp 11 gọi là bão mạnh, từ cấp 12 đến cấp 15 gọi là bão rất mạnh, và từ cấp 16 trở lên gọi là siêu bão (theo Quyết định số 18/2021/QĐ-TTg).",73408b097cb247f7954ae73dbfdce7e4.md,typhoon_flood,Định nghĩa pháp lý về bão và cấp gió,easy,"khái niệm bão, cấp 8, bão mạnh cấp 10-11, bão rất mạnh cấp 12-15, siêu bão cấp 16"
TERRA_QA_048,Ngập lụt được định nghĩa như thế nào và gây ra những hậu quả gì đối với tính mạng con người?,"Ngập lụt là hiện tượng mặt đất bị ngập nước do ảnh hưởng của mưa lớn, lũ, triều cường, nước biển dâng. (Khoản 28, Điều 5 Quyết định số 18/2021/QĐ-TTg)

### 3.2. Đặc điểm hình thành và dấu hiệu nhận biết","Ngập lụt là hiện tượng mặt đất bị ngập nước do ảnh hưởng của mưa lớn, lũ, triều cường, nước biển dâng (Khoản 28, Điều 5 Quyết định số 18/2021/QĐ-TTg). Ngập lụt gây ra các hậu quả nghiêm trọng làm chết, mất tích do đuối nước và thương tích cho người dân.",73408b097cb247f7954ae73dbfdce7e4.md,typhoon_flood,Khái niệm và tác hại của ngập lụt,easy,"ngập lụt, mặt đất ngập nước, mưa lớn triều cường, đuối nước, Quyết định 18/2021"
TERRA_QA_049,Lũ quét có những đặc trưng nguy hiểm và tính khốc liệt như thế nào so với lũ nước thông thường?,"## 1.4. Những ảnh hưởng của lũ quét

- Lũ quét ở Việt Nam là loại thiên tai nguy hiểm, bất ngờ, ác liệt, sức tàn phá mạnh, thường xuyên xảy ra ở các sông suối nhỏ miền núi, đôi khi xảy ra ở các lưu vực đô thị, trung tâm dân cư, kinh tế.

- Tình khốc liệt: Lũ quét tồn tại trong thời gian ngắn, đỉnh rất lớn, tổng lượng lớn, tốc độ rất nhanh hơn hẳn đỉnh lũ nước (có khi gấp đến 2-5 lần) trong điều kiện mưa tương đương. Do lũ quét có lưu lượng lớn và dòng chảy xiết, đặc biệt là khi nước lũ tích tụ tạo ra sóng lũ lớn đột ngột nên có thế năng rất lớn, các vật thể rắn chuyển động va

---

<!-- Page 11 to 12 -->
đập làm cho lũ quét có sức tàn phá lớn các công trình, cuốn đi mọi vật cản trên đường
chuyển động của nó.
- Tính bất ngờ: Thời gian từ khi xuất hiện đến khi kết thúc, lũ quét diễn biến rất nhanh
(thường chỉ từ 1h đến 3h sau khi có mưa lớn), đặc biệt là đối với loại lũ quét nghẽn dòng
có thể gây ra sóng lũ cao đột ngột. Mặt khác, lũ quét thường xảy ra ở vùng núi hiểm trở,
việc đi lại đo đạc, thu thập tài liệu khó khăn, do vậy với các phương pháp thính toán dự báo
thông thường khó có thể dự báo một cách có hiệu quả.
- Thiệt hại về người: chết, mất tích hoặc bị thương do bị cuốn trôi, bị vùi lấp
- Thiệt hại về cơ sở hạ tầng: nhà cửa, trường học, bệnh viện, trạm y tế, công trình
giao thông, thủy lợi, thông tin liên lạc và các hạ tầng khác có thể bị cuốn trôi hoặc hư
hỏng. Lũ quét thường gây chia cắt, cô lập vùng bị ảnh hưởng; hệ thống giao thông,
thông tin bị chia cắt, gián đoạn khó khăn trong việc tìm kiếm, cứu hộ, cứu nạn.
- Thiệt hại về nông nghiệp, thủy sản: Hoa màu, cây trồng, lương thực, thực phẩm
đã thu hoạch hoặc dự trữ bị cuốn trôi, hư hỏng; vật nuôi, gia súc, gia cầm, thủy hải sản
bị chết, cuốn trôi v.v..
- Thiệt hại về môi trường: Lũ quét có thể gây ô nhiễm môi trường, xuất hiện các
dịch bệnh như tiêu chảy, sốt xuất huyết, truyền nhiễm do virus v.v..
Ngoài ra, lũ quét xảy ra ở những khu vực vùng sâu, vùng xa, cơ sở vật chất nghèo
nàn, thì thiệt hại do lũ quét gây ra càng trở nên nghiêm trọng, có những trận lũ quét cuốn
trôi cả bản, có trường hợp cả gia đình bị lũ quét cuốn trôi.
Lũ quét ngày càng trở thành hiện tượng thiên tai đặc biệt nguy hiểm khi tình hình
dân số phát triển nhanh, các hoạt động sinh kế ngày càng nhiều hơn ở các vùng có nguy
cơ xảy ra lũ quét, cùng với hiện tượng mưa lớn thường xuyên xảy ra trong khi diện tích
rừng và thảm phủ ngày cảng suy giảm

> [MÔ TẢ HÌNH ẢNH/SƠ ĐỒ]: Hai hình ảnh minh họa hậu quả của lũ quét.
> - Hình ảnh bên trái: Một con đường bị ngập lụt và hư hại nặng nề do dòng nước lũ chảy xiết, cuốn theo bùn đất và cây cối. Có một chiếc xe tải bị mắc kẹt hoặc hư hỏng một phần trong dòng nước.
> - Hình ảnh bên phải: Một khu vực dân cư miền núi bị ảnh hưởng nặng nề bởi lũ quét. Các ngôi nhà nằm sát sườn đồi hoặc ven sông bị hư hại, và dòng nước lũ chảy mạnh qua khu vực, mang theo đất đá và mảnh vỡ.

62","Lũ quét là loại thiên tai nguy hiểm, bất ngờ, ác liệt, sức tàn phá mạnh thường xảy ra ở khe suối nhỏ miền núi. Tính khốc liệt: lũ quét tồn tại trong thời gian ngắn nhưng đỉnh lũ rất lớn, tốc độ dòng chảy cực nhanh (gấp 2-5 lần đỉnh lũ thông thường trong cùng điều kiện mưa), tạo ra sóng lũ đột ngột mang theo bùn đá và thế năng tàn phá khổng lồ.",73408b097cb247f7954ae73dbfdce7e4.md,landslide_flashflood,Khái niệm và tính khốc liệt của lũ quét,medium,"lũ quét, bất ngờ ác liệt, đỉnh lũ gấp 2-5 lần, thời gian ngắn, sóng lũ, thế năng tàn phá"
TERRA_QA_050,"Các tỉnh miền núi phía Bắc như Lai Châu, Sơn La, Lào Cai, Yên Bái được xếp vào Khu vực nào trong phân cấp rủi ro lũ quét sạt lở?","**Định nghĩa Khu vực xảy ra:**
*   **Khu vực 1:** (Lai Châu, Sơn La, Điện Biên, Hòa Bình, Lào Cai, Yên Bái, Hà Giang)
*   **Khu vực 2:** (Tuyên Quang, Bắc Kạn, Lạng Sơn, Cao Bằng, Thanh Hóa, Nghệ An, Quảng Ngãi)
*   **Khu vực 3:** (Phú Thọ, Thái Nguyên, Quảng Ninh, Hà Tĩnh, Quảng Bình, Quảng Trị, Thừa Thiên Huế, thành phố Đà Nẵng, Quảng Nam, Khánh Hòa, Kon Tum, Gia Lai, Đắk Lắk, Đắk Nông, Lâm Đồng)
*   **Khu vực 4:** (Vĩnh Phúc, Bắc Giang, Hải Phòng, Bình Định, Phú Yên, Khánh Hòa, Ninh Thuận, Bình Thuận)","Các tỉnh Lai Châu, Sơn La, Điện Biên, Hòa Bình, Lào Cai, Yên Bái, Hà Giang được xếp vào **Khu vực 1** — là khu vực trọng điểm có mức độ rủi ro thiên tai do lũ quét và sạt lở đất cao nhất cả nước.",73408b097cb247f7954ae73dbfdce7e4.md,landslide_flashflood,Phân vùng các khu vực rủi ro lũ quét sạt lở,hard,"Khu vực 1, Lào Cai, Yên Bái, Sơn La, Lai Châu, phân cấp rủi ro, lũ quét sạt lở"
TERRA_QA_051,"Trước khi bão đổ bộ, các hộ gia đình trong cộng đồng cần thực hiện các biện pháp ứng phó nào xung quanh nhà ở?","#### a. Trước khi có bão

- Chặt tỉa cây xung quanh nhà đề phòng tai nạn cây gãy, đổ vào nhà. Đối với những chậu cây sức gió bão có thể cuốn bay người dân cần di chuyển vào trong nhà hoặc vào chỗ khuất gió. Trường hợp cây nhỏ, nhiều tán bà con có thể dùng dây buộc gọn lại để phòng những tán cây bị gió bão giật tung va đập vào nhà hoặc người đi đường.
- Di chuyển toàn bộ đồ đạc trước nhà, đây là khâu rất quan trọng. Toàn bộ những vật dụng thông thường mà bà con hay để trước nhà như bàn ghế, biển hiệu quảng cáo... cần được sơ tán ngay lập tức.
- Di chuyển đàn vật nuôi an toàn. Nếu xác định khu chuồng trại của gia súc, gia cầm có thể chống chịu với gió bão, bà con cần gia cố lại chuồng trại. Dùng dây thép cột chặt mái các chuồng trại, dùng vải bạt và nilong che chắn gió và mưa tạt vào.","Hộ gia đình cần: (1) Chặt tỉa cành cây xung quanh nhà tránh gãy đổ, chằng buộc hoặc di chuyển các chậu cây vào nhà; (2) Di chuyển toàn bộ đồ đạc, bàn ghế, biển quảng cáo trước nhà vào nơi kín gió; (3) Gia cố chuồng trại gia súc, dùng dây thép cột chặt mái và che bạt chống gió tạt; (4) Cất toàn bộ đồ đạc có giá trị lên vị trí cao và an toàn nhất.",73408b097cb247f7954ae73dbfdce7e4.md,first_aid_survival,Việc cộng đồng cần làm trước khi bão đổ bộ,medium,"trước khi có bão, chặt tỉa cây, di chuyển đồ đạc, gia cố chuồng trại, cất đồ có giá trị"
TERRA_QA_052,"Trong thời gian bão đang đổ bộ, những quy tắc an toàn bảo vệ tính mạng người dân cần tuân thủ là gì?","## b. Trong khi có bão

- Nếu đang ở trong nhà kiên cố thì không được ra ngoài khi bão đổ bộ.
- Nếu buộc phải ra ngoài nên chuẩn bị gậy chống khi đi trên đường bị ngập lụt để dò đường bởi các lắp hố ga thoát nước trên đường có thể đã bị cuốn trôi và trở thành hố tử thần.
- Nếu đang ở ngoài thì cần chạy vào những nơi kiên cố để ẩn náu như trường học, bệnh viện, nhà kiên cố. Không chạy vào những nhà thiếu kiên cố hoặc đơn sơ, nhà mái lá, mái tôn hoặc mái rơm rạ.
- Rút hết nguồn các thiết bị điện trong nhà trước khi bão vào.
- Chèn bao cát ở cửa nếu có nguy cơ bị ngập.
- Kê dọn đồ đạc khỏi những nơi có thể bị ngập nước trong nhà.
- Chuẩn bị xô, chậu, khăn lau đề phòng nước ngập.
- Tránh xa các cửa kính, cửa ra vào, biển hiệu quảng cáo, cột ăng-ten, đường dây dẫn điện/cột điện; tránh các gốc cây to vì cây có thể bật gốc, sét đánh; tránh các khu đất trống hoặc khu đất cao hơn các khu xung quanh, các vật bằng kim loại như hàng rào sắt, thép, xe đạp xe máy vì có nguy cơ bị sét đánh.
- Luôn theo dõi sát tình hình mưa bão trên các phương tiện thông tin đại chúng như tivi, radio, báo.
- Tuân thủ các lệnh điều động của chính quyền địa phương.
- Nên ghi nhớ các vị trí có công trình xây dựng vì có thể có các hố sâu không thể nhìn thấy do bị ngập lụt.
- Ngư dân luôn phải đảm bảo kết nối thường xuyên với đất liền và tuân thủ theo sự hướng dẫn của lực lượng chức năng.","Quy tắc an toàn: (1) Nếu đang ở nhà kiên cố thì tuyệt đối không được ra ngoài; (2) Nếu buộc phải ra ngoài đường ngập lụt, phải dùng gậy chống để dò đường đề phòng nắp hố ga bị trôi tạo thành hố tử thần; (3) Nếu đang ở ngoài trời, phải nhanh chóng chạy vào các công trình kiên cố (trường học, trạm y tế), không trú ẩn ở nhà tạm, mái lá, mái tôn.",73408b097cb247f7954ae73dbfdce7e4.md,first_aid_survival,Quy tắc an toàn trong khi có bão,medium,"trong khi có bão, không ra ngoài, nhà kiên cố, gậy dò đường, hố ga mất nắp"
TERRA_QA_053,"Sau khi bão đi qua, người dân cần lưu ý kiểm tra và phòng ngừa những nguy cơ tai nạn nào?","## c. Sau khi có bão

112

---

<!-- Page 17 to 18 -->
- Không được chủ quan. Tiếp tục theo dõi tin trên các phương tiện thông tin truyền thông và từ chính quyền địa phương.
- Kiểm tra các thiết bị, hệ thống điện, ga trong nhà trước khi sử dụng.
- Kiểm tra nguồn nước xem có bị ô nhiễm không.
- Kiểm tra nhà cửa xem có bị hư hại không. Gọi sự trợ giúp của hàng xóm, chính quyền khi cần thiết.
- Nên ở trong nhà vài tiếng ngay cả khi bão đã tan vì có thể đang ở vùng mắt bão. Vì khi bão đi qua, hoàn lưu bão có thể sẽ xuất hiện và rất nguy hiểm.
- Luôn phải đảm bảo kết nối thường xuyên với đất liền; kiểm tra và bổ sung những thiết bị an toàn, cần thiết như bộ đàm tầm xa, đèn báo hiệu, cờ hiệu, định vị, đồ phòng hộ cá nhân...","Người dân cần: Tiếp tục theo dõi thông tin thời tiết; Kiểm tra an toàn nguồn điện trong nhà trước khi sử dụng lại; Tránh xa dây điện rơi rụng hoặc cột điện đổ; Kiểm tra nguồn nước sạch, ăn chín uống sôi đề phòng dịch bệnh; Dọn dẹp vệ sinh môi trường xung quanh nhà ở và báo cáo chính quyền các điểm hư hỏng nguy hiểm.",73408b097cb247f7954ae73dbfdce7e4.md,first_aid_survival,Các bước kiểm tra an toàn sau khi bão tan,medium,"sau khi có bão, kiểm tra nguồn điện, dây điện đứt, nước sạch, ăn chín uống sôi"
TERRA_QA_054,"Trước khi bão đổ bộ, cán bộ quản lý trường học có trách nhiệm triển khai những việc gì để bảo vệ nhà trường?","#### * Đối với cán bộ quản lý
- Thường xuyên theo dõi, cập nhật thông tin cảnh báo bão, các chỉ đạo ứng phó và kịp thời thông báo đến giáo viên, học sinh và người lao động trong trường.
- Phân công nhiệm vụ cụ thể, tập trung lực lượng vào những nơi có nguy cơ bị ảnh hưởng của bão hoặc ngập lụt sau bão theo phương án.
- Chỉ đạo, giám sát hoạt động chằng chống, cắt tỉa toàn bộ cây xanh xung quanh khu vực trường hoặc có phương án di dời đi nơi khác, tránh gẫy đổ gây nguy hiểm cho học sinh và thầy cô trong trường; Gia cố, chằng buộc các cửa phòng học; Kiểm tra mái tôn nhà xe và các công trình phụ trợ, an toàn hệ thống điện, thông tin liên lạc.
- Kiểm tra mức độ an toàn của ngôi trường, của các công trình phụ trợ trong khuôn viên và có báo cáo tới cơ quan chức năng các công trình xuống cấp, nguy hiểm mùa bão, lũ.
- Chỉ đạo giáo viên và Ban PCTT trường hướng dẫn học sinh chuẩn bị ứng phó với bão. Chỉ đạo rà soát, kiểm đếm, chuẩn bị vật tư, nhu yếu phẩm cần thiết (Lương thực, nước, thuốc men,...) sẵn sàng sử dụng khi có yêu cầu.","Cán bộ quản lý trường học phải: (1) Thường xuyên cập nhật thông tin bão và thông báo đến giáo viên, học sinh; (2) Phân công nhiệm vụ cụ thể theo phương án; (3) Chỉ đạo chặt tỉa cây xanh, gia cố chằng buộc cửa phòng học, kiểm tra mái tôn nhà xe và hệ thống điện; (4) Kiểm tra an toàn công trình phụ trợ, báo cáo cấp trên công trình nguy hiểm; (5) Rà soát vật tư lương thực, thuốc men sẵn sàng.",73408b097cb247f7954ae73dbfdce7e4.md,community_governance,Trách nhiệm cán bộ quản lý trường học trước bão,medium,"trường học trước bão, cán bộ quản lý, chặt tỉa cây xanh, chằng buộc cửa phòng, kiểm tra mái tôn"
TERRA_QA_055,"Trong thời gian có bão xảy ra, giáo viên chủ nhiệm và giáo viên đoàn đội có những trách nhiệm cụ thể nào?","### * Đối với Giáo viên chủ nhiệm, giáo viên đoàn đội

- Hướng dẫn học sinh những việc nên làm, không nên làm khi bão xảy ra.
- Liên lạc với cha mẹ hoặc người giám hộ của học sinh để đưa đón các em về nhà
khi có lệnh cho nghỉ học.
- Trực theo dõi bão 24/24 theo phân công.",Giáo viên chủ nhiệm có trách nhiệm: (1) Hướng dẫn học sinh những việc nên làm và không nên làm khi có bão; (2) Liên lạc chặt chẽ với cha mẹ hoặc người giám hộ học sinh để tổ chức đưa đón các em về nhà an toàn khi có lệnh cho nghỉ học; (3) Trực theo dõi bão 24/24 theo phân công của trường.,73408b097cb247f7954ae73dbfdce7e4.md,community_governance,Trách nhiệm của giáo viên chủ nhiệm trong khi có bão,easy,"giáo viên chủ nhiệm, trong bão, hướng dẫn học sinh, liên lạc phụ huynh, trực 24/24"
TERRA_QA_056,"Khi xảy ra bão, học sinh cần thực hiện những kỹ năng tự bảo vệ nào để đảm bảo an toàn cho bản thân?","### * Đối với Học sinh

- Nên ở trong nhà, nơi trú ẩn, tắt hết các thiết bị điện, tránh các vị trí ở gần cửa sổ,
cửa ra vào.
- Lưu các số điện thoại khẩn cấp để liên hệ khi cần cứu hộ, cứu nạn, thông tin kịp
thời, chính xác vị trí, tình trạng nguy hiểm khi cần cứu hộ, cứu nạn.
- Không tránh trú dưới gốc cây, cột điện, vật dễ đổ, không lại gần các khu vực nguy
hiểm, các khu vực có biển cảnh báo như các nắp cống, kênh mương khi có mưa bão.
- Không đi ra ngoài khi bão đổ bộ, không đi qua cầu, ngầm tràn, cầu treo khi mưa
to, gió lớn.
- Không vui chơi tại các điểm ngập úng.

115

- Không ăn thức ăn bị ôi thiu, không sử dụng nguồn nước bị ô nhiễm.

### * Đối với Phụ huynh học sinh, người giám hộ

- Trông nom các em nhỏ, người già, người khuyết tật, phụ nữ có thai và những
người khó khăn khác.
- Nhắc nhở trẻ em những điều nên và không nên làm khi bão đang xảy ra: Nên ở
trong nhà, nơi trú ẩn, tắt hết các thiết bị điện, tránh các vị trí ở gần cửa sổ, cửa ra vào;
Không tránh trú dưới gốc cây, cột điện, vật dễ đổ, không lại gần các khu vực nguy hiểm,
các khu vực có biển cảnh báo như các nắp cống, kênh mương khi có mưa bão; Không
đi ra ngoài khi bão đổ bộ, không đi qua cầu, ngầm tràn, cầu treo",Học sinh cần: Ở yên trong nhà hoặc nơi trú ẩn an toàn; tắt hết các thiết bị điện; tránh xa các vị trí cửa sổ và cửa ra vào; lưu các số điện thoại khẩn cấp để liên hệ cứu nạn; kịp thời thông báo chính xác vị trí và tình trạng nguy hiểm cho người lớn khi cần cứu hộ.,73408b097cb247f7954ae73dbfdce7e4.md,community_governance,Trách nhiệm của học sinh khi có bão,easy,"học sinh trong bão, ở trong nhà, tắt thiết bị điện, tránh xa cửa sổ, số điện thoại khẩn cấp"
TERRA_QA_057,Các doanh nghiệp và cơ sở sản xuất kinh doanh tại địa phương cần chuẩn bị những gì trước khi bão đổ bộ?,"## 1.3. Đối với danh nghiệp

### a. Trước khi có bão

- Chặt tỉa cây xung quanh doanh nghiệp đề phòng tai nạn cây gãy, đổ. Đối với những chậu cây sức gió bão có thể cuốn bay người dân cần di chuyển vào trong nhà hoặc vào chỗ khuất gió; dùng dây buộc gọn cây nhỏ, nhiều tán lại. Chằng chống, gia cố nhà xưởng, kho chứa hàng...của doanh nghiệp.
- Di chuyển, cất toàn bộ mọi vật dụng có giá trị đến vị trí cao và an toàn nhất trong nhà vì bão có thể kèm theo mưa lớn gây ngập lụt hoặc gió bão to có thể thổi tung mái nhà.
- Theo dõi thường xuyên các bản tin báo bão trên các phương tiện thông tin đại chúng và từ chính quyền địa phương.
- Có sơ đồ xác định được vị trí cần sơ tán trong trường hợp bão mạnh và tuân theo sự hướng dẫn của chính quyền địa phương khi có hiệu lệnh sơ tán. Biết tìm hiểu rõ đặc điểm quãng đường từ nhà đến địa điểm sơ tán. Chuẩn bị đầy đủ các vật dụng cần mang theo khi phải đi sơ tán. Đảm bảo an toàn điện, phòng chống cháy nổ hoặc điện giật. Biết vị trí và số điện thoại của các trạm y tế, bệnh viện, đồn cảnh sát và cứu hỏa xung quanh.
- Chuẩn bị đồ ăn khô có thời gian sử dụng dài để dùng khi có bão. Không nên chuẩn bị những đồ ăn phải bảo quản trong tủ lạnh vì khi mưa bão lớn thường gây ra mất điện. Chuẩn bị nước uống, thuốc men, dụng cụ y tế, tiền mặt, pin dự trữ.
- Dọn dẹp, khơi thông cống rãnh quanh doanh nghiệp để nước thoát nhanh hơn.
- Ngưng mọi hoạt động đánh bắt ngoài khơi khi bão xuất hiện và dần hình thành, tránh xảy ra thiệt hại về tính mạng.
- Tuyên truyền, tập huấn, diễn tập, phổ biến kiến thức và kỹ năng cho lãnh đạo và người lao động của doanh nghiệp nâng cao năng lực và kỹ năng PCTT.","Doanh nghiệp cần: Cập nhật thông tin cảnh báo bão; rà soát phương án PCTT của cơ sở; kiểm tra gia cố nhà xưởng, kho tàng; kê kích hàng hóa vật tư, máy móc lên cao tránh ngập nước; neo giữ hoặc di dời trang thiết bị ngoài trời; đảm bảo hệ thống thoát nước nhà xưởng; và có kế hoạch cho người lao động nghỉ làm an toàn khi bão lớn.",73408b097cb247f7954ae73dbfdce7e4.md,community_governance,Biện pháp của doanh nghiệp và cơ sở sản xuất khi có bão,medium,"doanh nghiệp trước bão, gia cố nhà xưởng, kê kích máy móc, kho tàng, cho người lao động nghỉ"
TERRA_QA_058,Cộng đồng dân cư sống ven sông suối cần chủ động thực hiện những việc gì đối với thiên tai lũ?,"## 2. Những việc cần phải làm đối với lũ

### 2.1. Đối với cộng đồng

- Thường xuyên nghe và nhắc nhở người thân, hàng xóm theo dõi thông tin dự báo, cảnh báo mưa, lũ, ngập lụt trên loa phát thanh, các phương tiện thông tin đại chúng (tivi, radio), trang thông tin điện tử, mạng xã hội chính thức.
- Chủ động tham gia, phối hợp chặt chẽ với trưởng thôn/bản, Tổ/nhóm xung kích cấp xã trong các hoạt động phòng, chống lũ, ngập lụt của thôn, xã (đặc biệt là các hoạt động tập huấn, tuyên truyền phổ biến kiến thức, kỹ năng về PCTT; Xây dựng Kế hoạch PCTT, phương án ứng phó thiên tai; Diễn tập PCTT...).
- Bàn bạc, phân công cụ thể công việc cho từng thành viên trong gia đình để chủ động ứng phó và sẵn sàng hỗ trợ khi chính quyền địa phương huy động.
- Chủ động thực hành các hoạt động ứng phó tại hộ gia đình theo bảng phân công để giúp điều chỉnh, bổ sung hoạt động, nội dung ứng phó của hộ gia đình (nếu cần) và phối hợp hoạt động ứng phó thiên tai của thôn, xã.
- Khuyến khích các thành viên trong gia đình tham gia hoạt động tập huấn, truyền thông/tra cứu thông tin (đặc biệt là trẻ em) về kiến thức, kỹ năng, những việc nên và không nên làm trong PCTT.
- Biết đầu mối liên lạc gồm tên, số điện thoại đầu mối tình nguyện viên, lực lượng tại chỗ, trưởng thôn, chính quyền đại phương, y tế, công an, cứu hỏa...
- Dự trữ lương thực thực phẩm, nước uống, chất đốt trong vòng ít nhất 1 tuần.
- Di dời, cất giữ những đồ đạc có giá trị của gia đình vào túi chống nước, túi linong và để lên vị trí cao hơn, tránh nguy cơ bị ngập nước khi có lũ.
- Ngắt các thiết bị điện nếu có khả năng bị ngập nước.
- Di dời chuồng trại gia súc, gia cầm lên cao; chuẩn bị thức ăn cho gia súc gia cầm.
- Khi có lũ, cần theo dõi sát sao tình hình mưa lũ từ các phương tiện thông tin đại chúng và từ chính quyền địa phương. Cần giữ an toàn cho người và của cải.
- Nên trú ẩn ở khu vực cao, an toàn, chủ động di dời khi nhận thấy dấu hiệu nguy hiểm.
- Cử người canh gác 24/24 và cắm biển cảnh báo tại nhưng nơi có lũ.
- Trang bị kỹ năng học bơi đề phòng mưa lũ, ngập lụt.","Cộng đồng cần: Theo dõi mức nước sông suối; di chuyển tài sản gia súc lên vùng đất cao; chuẩn bị phao cứu sinh, thuyền mảng tự chế an toàn; dự trữ nước sạch, lương thực khô; chủ động sơ tán người già và trẻ nhỏ khi nước bắt đầu dâng; tuyệt đối không vớt gỗ củi hoặc đánh bắt cá trên sông lũ cuồn cuộn.",73408b097cb247f7954ae73dbfdce7e4.md,first_aid_survival,Ứng phó lũ lụt đối với cộng đồng ven sông suối,medium,"cộng đồng đối với lũ, ven sông suối, phao cứu sinh, kê cao tài sản, không vớt củi"
TERRA_QA_059,Tại sao việc cắm biển cảnh báo nguy hiểm tại các đoạn đường sạt lở mái dốc sau mưa lũ lại là yêu cầu cấp thiết?,"Đối với đoạn đường sạt lở nguy hiểm, cắm biển cảnh báo để người dân chủ động phòng tránh.
*   Vận hành an toàn hệ thống điện phục vụ đời sống và sản xuất của nhân dân.
*   Hỗ trợ sản xuất nông nghiệp để khôi phục sản xuất vùng bị thiệt hại do thiên tai.
*   Lập kế hoạch tái thiết sau thiên tai bao gồm tái thiết khẩn cấp, tái thiết trung và dài hạn.","Sau mưa lũ, đất đá mái taluy đã ngậm no nước và mất ổn định, rất dễ tiếp tục sạt trượt bất ngờ. Việc cắm biển cảnh báo giúp người tham gia giao thông từ xa chủ động giảm tốc độ, chuyển hướng hoặc dừng lại phòng tránh tai nạn bị đất đá vùi lấp.",73408b097cb247f7954ae73dbfdce7e4.md,landslide_flashflood,Cắm biển cảnh báo nguy hiểm tại cung đường sạt lở,easy,"đoạn đường sạt lở, cắm biển cảnh báo, chủ động phòng tránh, đất đá mất ổn định"
TERRA_QA_060,"Các công trình hạ tầng công cộng và dân sinh nào cần được ưu tiên tu sửa, khắc phục khẩn cấp sau thiên tai?","Tu sửa, khắc phục các công trình PCTT, trụ sở ủy ban, trạm y tế, trường học, đường giao thông, cầu cống, hồ đập, kênh mương, hàn khẩu đê điều, khôi phục trạm bơm để phục vụ sản xuất.
*   Đối với đoạn đường sạt lở nguy hiểm, cắm biển cảnh báo để người dân chủ động phòng tránh.
*   Vận hành an toàn hệ thống điện phục vụ đời sống và sản xuất của nhân dân.
*   Hỗ trợ sản xuất nông nghiệp để khôi phục sản xuất vùng bị thiệt hại do thiên tai.
*","Cần ưu tiên khẩn cấp: (1) Tu sửa công trình PCTT, trụ sở ủy ban, trạm y tế, trường học; (2) Khắc phục cầu cống, đường giao thông, hồ đập, kênh mương, hàn khẩu đê điều; (3) Khôi phục trạm bơm phục vụ sản xuất; (4) Vận hành an toàn hệ thống điện phục vụ đời sống; (5) Hỗ trợ sản xuất nông nghiệp và lập kế hoạch tái thiết sau thiên tai.",73408b097cb247f7954ae73dbfdce7e4.md,community_governance,Khắc phục công trình hạ tầng và y tế sau thiên tai,medium,"khắc phục công trình, trạm y tế, trường học, hồ đập cầu cống, khôi phục trạm bơm, an toàn điện"
TERRA_QA_061,Mục tiêu tổng quát của Đề án 553 của Thủ tướng Chính phủ về Quản lý rủi ro thiên tai dựa vào cộng đồng là gì?,"Đề án “Nâng cao nhận thức cộng đồng và Quản lý RRTT DVCĐ đến năm 2030” (Đề án 553) được ban hành tại Quyết định số 553/QĐ-TTg ngày 06/4/2021 của Thủ tướng Chính phủ xác định rõ, nội dung xây dựng nông thôn mới là một nội dung trong mục tiêu chung của Đề án 553:

> “Nâng cao nhận thức về thiên tai, năng lực ứng phó thiên tai cho đội ngũ làm công tác PCTT, cán bộ chính quyền cơ sở và người dân vùng thường xuyên chịu tác động của thiên tai, góp phần xây dựng cộng đồng cấp xã, huyện an toàn trước thiên tai, có khả năng thích ứng với biến đổi khí hậu; hình thành văn hóa phòng ngừa, chủ động và tích cực tham gia vào công tác PCTT của đại đa số người dân nhằm góp phần thực hiện tiêu chí quốc gia về xã nông thôn mới, giảm thiểu đến mức thấp nhất thiệt hại về người, tài sản, môi trường do thiên tai"".","Mục tiêu là nâng cao nhận thức và năng lực ứng phó thiên tai cho đội ngũ làm công tác PCTT, chính quyền cơ sở và nhân dân vùng thiên tai; xây dựng cộng đồng cấp xã, huyện an toàn trước thiên tai, thích ứng với biến đổi khí hậu; hình thành văn hóa phòng ngừa chủ động nhằm giảm thiểu thiệt hại về người, tài sản, môi trường và góp phần thực hiện tiêu chí quốc gia về xã nông thôn mới.",73408b097cb247f7954ae73dbfdce7e4.md,community_governance,Mục tiêu Đề án 553 về Quản lý RRTT DVCĐ,hard,"Đề án 553, nhận thức cộng đồng, quản lý RRTT DVCĐ, cộng đồng an toàn, văn hóa phòng ngừa, nông thôn mới"
TERRA_QA_062,Tiêu chí phòng chống thiên tai trong xây dựng xã nông thôn mới gồm những nội dung cốt lõi nào?,"b. Hoạt động PCTT được triển khai chủ động và có hiệu quả, đáp ứng nhu cầu dân sinh trong Kế hoạch PCTT; Phương án ứng phó thiên tai theo cấp độ RRTT; và Thực hiện có hiệu quả kế hoạch PCTT được phê duyệt.
c. Về cơ sở hạ tầng thiết yếu đề cập đến các vấn đề như: Quy hoạch, xây dựng cơ sở hạ tầng; Thông tin, cảnh báo và ứng phó thiên tai; và Thực thi pháp luật về bảo vệ công trình PCTT.

Chi tiết Tiêu chí PCTT trong xây dựng nông thôn mới tại Phụ lục 7","Tiêu chí PCTT gồm: (1) Hoạt động PCTT triển khai chủ động, hiệu quả theo Kế hoạch PCTT và Phương án ứng phó thiên tai theo cấp độ rủi ro được phê duyệt; (2) Cơ sở hạ tầng thiết yếu đáp ứng yêu cầu: quy hoạch hạ tầng an toàn, hệ thống thông tin cảnh báo ứng phó đồng bộ, và thực thi nghiêm pháp luật về bảo vệ công trình PCTT.",73408b097cb247f7954ae73dbfdce7e4.md,community_governance,Tiêu chí PCTT trong xây dựng xã nông thôn mới,medium,"tiêu chí PCTT, xây dựng nông thôn mới, phương án ứng phó, cơ sở hạ tầng thiết yếu, thông tin cảnh báo"
TERRA_QA_063,Đặc điểm đồi núi chiếm 3/4 diện tích lãnh thổ Việt Nam ảnh hưởng thế nào đến tính chất thiên tai bão lũ?,"### 1.1.1. Đặc điểm địa hình Việt Nam

- Địa hình Việt Nam tương đối đa dạng: núi, sông, cao nguyên, đồng bằng, bờ biển, bán đảo, đảo.
- Đồi núi và cao nguyên chiếm 3/4 diện tích lãnh thổ. Đồng bằng chỉ chiếm 1/4 diện tích lãnh thổ.
- Các dãy núi thường có hướng Tây Bắc - Đông Nam gần vuông góc với hướng gió mùa Đông Bắc - Tây Nam.
- Nhiều dãy núi song song chia cắt lãnh thổ tạo thành những sông có hướng Tây Bắc - Đông Nam. Phần lớn các sông đều đổ ra biển Đông.
- Địa hình núi cao, sườn dốc lớn, độ chia cắt mạnh, phân bố rải rác khắp lãnh thổ với mạng lưới sông dày đặc.
- Với đặc điểm như trên, Việt Nam thường xuyên chịu tác động của bão, lũ và các loại hiểm họa khác.","Đồi núi và cao nguyên chiếm tới 3/4 diện tích lãnh thổ với địa hình núi cao, sườn dốc lớn, độ chia cắt mạnh và mạng lưới sông ngòi dày đặc. Phần lớn các sông đổ ra Biển Đông với dòng chảy dốc, khiến Việt Nam thường xuyên phải hứng chịu lũ lớn, lũ quét, sạt lở đất nghiêm trọng khi có mưa bão.",9b5c5c224289412b880a70c4de27e23d.md,risk_assessment_mapping,Đặc điểm địa hình đồi núi Việt Nam,easy,"3/4 diện tích, đồi núi cao nguyên, sườn dốc lớn, độ chia cắt mạnh, mạng lưới sông dày đặc, lũ quét sạt lở"
TERRA_QA_064,Hướng các dãy núi Tây Bắc - Đông Nam kết hợp với hoàn lưu gió mùa tạo nên đặc thù thiên tai gì ở Việt Nam?,"Các dãy núi thường có hướng Tây Bắc - Đông Nam gần vuông góc với hướng gió mùa Đông Bắc - Tây Nam.
- Nhiều dãy núi song song chia cắt lãnh thổ tạo thành những sông có hướng Tây Bắc - Đông Nam. Phần lớn các sông đều đổ ra biển Đông.
- Địa hình núi cao, sườn dốc lớn, độ chia cắt mạnh, phân bố rải rác khắp lãnh thổ với mạng lưới sông dày đặc.
- Với đặc điểm như trên, Việt Nam thường xuyên chịu tác động của bão, lũ và các loại hiểm họa khác.","Các dãy núi có hướng Tây Bắc - Đông Nam nằm gần như vuông góc với hướng gió mùa Đông Bắc - Tây Nam, tạo thành bức tường chắn địa hình đón gió và gây mưa cực đoan ở sườn đón gió. Nhiều dãy núi song song chia cắt lãnh thổ tạo các lưu vực sông dốc đổ ra biển, khiến lũ tập trung nhanh và sức tàn phá dữ dội.",9b5c5c224289412b880a70c4de27e23d.md,risk_assessment_mapping,Hướng địa hình Tây Bắc - Đông Nam và gió mùa,medium,"hướng Tây Bắc Đông Nam, vuông góc gió mùa, chắn gió gây mưa, sườn đón gió, sông dốc"
TERRA_QA_065,"Theo thống kê quốc tế, Việt Nam nằm ở vị trí nào về tần suất thiên tai và những loại thiên tai nào gây tàn phá nhiều nhất?","Việt Nam thường xuyên phải đối mặt với nhiều loại thiên tai. Việt Nam cũng nằm trong số 10 quốc gia hàng đầu về tần suất bị ảnh hưởng bởi các thiên tai trên thế giới với những loại hình thiên tai chính là bão, lũ, lũ quét, sạt lở đất, hạn hán... Trong đó, loại hình thiên tai xảy ra thường xuyên và gây tàn phá nhiều nhất là bão, áp thấp nhiệt đới và lũ lụt.

Phân bố các loại hình thiên tai chính thuộc các vùng địa lý khác nhau ở Việt Nam như sau:","Việt Nam nằm trong số 10 quốc gia hàng đầu về tần suất bị ảnh hưởng bởi thiên tai trên thế giới. Trong đó, loại hình thiên tai xảy ra thường xuyên và gây tàn phá nặng nề nhất đối với con người và kinh tế là bão, áp thấp nhiệt đới và lũ lụt.",9b5c5c224289412b880a70c4de27e23d.md,risk_assessment_mapping,Các loại hình thiên tai tàn phá lớn nhất ở Việt Nam,easy,"top 10 quốc gia, tần suất thiên tai, tàn phá nhiều nhất, bão, áp thấp nhiệt đới, lũ lụt"
TERRA_QA_066,"Theo thang Beaufort quy định trong tài liệu, gió cấp 6, cấp 7 và cấp 8 có vận tốc và mức độ nguy hại ra sao?","| 6        | 10,8-13,8  | 39-49                 | 3,0             | • Cây cối rung chuyển. Khó đi ngược gió |
| 7 (ATNĐ) | 13,9-17,1  | 50-61                 | 4,0             | • Biển động; nguy hiểm đối với tàu, thuyền |
| 8        | 17,2-20,7  | 62-74                 | 5,5             | • Cành cây gãy, gây thiệt hại về nhà cửa; không thể đi ngược gió |","Gió cấp 6 (39-49 km/h): Cây cối rung chuyển, khó đi ngược gió. Gió cấp 7 (50-61 km/h): Tương đương áp thấp nhiệt đới, biển động nguy hiểm cho tàu thuyền. Gió cấp 8 (62-74 km/h): Tương đương bão, cành cây gãy, gây thiệt hại về nhà cửa và con người không thể đi ngược gió.",9b5c5c224289412b880a70c4de27e23d.md,typhoon_flood,Thang cấp gió Beaufort và tác động trên đất liền,medium,"thang Beaufort, cấp 6, cấp 7 ATNĐ, cấp 8 bão, cành cây gãy, thiệt hại nhà cửa"
TERRA_QA_067,"Từ cấp gió bão số 10 đến cấp 12, mức độ tàn phá đối với nhà cửa và sóng biển được mô tả như thế nào?","| 10       | 24,5-28,4  | 89-102                | 9,0             | • Làm đổ cây cối, nhà cửa, cột điện; gây thiệt hại rất nặng |
| 11 (Bão mạnh) | 28,5-32,6  | 103-117               | 11,5            | • Biển động dữ dội, làm đắm tàu biển |
| 12       | 32,7-36,9  | 118-133               | 14,0            | • Sức phá hoại cực kỳ lớn |
| 13       | 37,0-41,4  | 134-149               |                 | • Sóng biển cực kỳ mạnh, đánh đắm tàu biển có trọng tải lớn |
| 14       | 41,5-46,1  | 150-166               |                 |                 |
| 15       | 46,2-50,9  | 167-183               |                 |                 |
| 16       | 51,0-56,0  | 184-201               |                 |                 |
| 17       | 56,1-61,2  | 202-220               |                 |                 |","Gió cấp 10 (89-102 km/h): Làm đổ cây cối, nhà cửa, cột điện và gây thiệt hại rất nặng. Gió cấp 11 (103-117 km/h - bão mạnh): Biển động dữ dội, làm đắm tàu biển. Gió cấp 12 (118-133 km/h): Sức phá hoại cực kỳ lớn đối với toàn bộ công trình hạ tầng trên đất liền.",9b5c5c224289412b880a70c4de27e23d.md,typhoon_flood,Tác hại của gió bão từ cấp 10 đến cấp 12,medium,"cấp 10, cấp 11 bão mạnh, cấp 12, đổ cột điện, đắm tàu biển, sức phá hoại cực lớn"
TERRA_QA_068,Những dấu hiệu quan sát tự nhiên nào cho thấy khả năng trời sắp xuất hiện mưa đá nguy hiểm?,"Những dấu hiệu nhận biết trời sắp xảy ra mưa đá:

Như đã nêu ở trên, mưa đá là các hạt băng (nước đá) trong suốt, hình thành trong các đám mây đối lưu (các đám mây dông mạnh). Do vậy, nhận biết dấu hiệu sắp có mưa đá cũng gần giống như nhận biết các trận mưa rào mạnh trong các ổ mây dông mạnh.

Khi đang ở một nơi nào đó, không có thông tin hoặc không nghe được thông tin dự báo có mưa dông (có thể có cả mưa đá), có thể tự phòng tránh như sau: Nếu thấy trời nổi dông, gió, mây đen bao phủ bầu trời gần như kín tầm mắt, có dạng như bầu vú, rồi dông, gió nổi lên mạnh, tạo ra tiếng ""ù ù, ầm ầm"" liên tục sẽ có nguy cơ xảy ra mưa đá. Nếu tiếp đó có lắc rắc vài hạt mưa rào và cảm thấy nhiệt độ không khí lạnh đi nhanh chóng, có thể mưa đá sẽ xảy ra. Tất nhiên, đây chỉ là những dấu hiệu chỉ ra khả năng sắp có mưa đá. Thực tế rất khó nhận biết và dự báo khi nào sẽ có mưa đá.

6

---

<!-- Page 5 to 6 -->","Dấu hiệu sắp có mưa đá: Trời nổi dông gió mạnh, mây đen bao phủ kín bầu trời có dạng như bầu vú, dông gió rít mạnh tạo ra tiếng ù ù, ầm ầm liên tục; tiếp đó có lắc rắc vài hạt mưa rào kèm theo hiện tượng nhiệt độ không khí lạnh đi nhanh chóng và đột ngột.",9b5c5c224289412b880a70c4de27e23d.md,typhoon_flood,Dấu hiệu nhận biết trời sắp xảy ra mưa đá,hard,"dấu hiệu mưa đá, mây đen dạng bầu vú, tiếng ù ù ầm ầm, nhiệt độ lạnh nhanh, mưa dông mạnh"
TERRA_QA_069,Mỗi hộ gia đình vùng núi cần chuẩn bị túi đồ dự phòng khẩn cấp không thấm nước gồm những vật dụng thiết yếu nào?,"Các đồ dự phòng khẩn cấp cụ thể như sau: Sử dụng túi không thấm nước để đựng quần áo dự phòng, diêm/bật lửa, nước uống, thực phẩm khô, đuốc, giấy tờ quan trọng, kiểm tra định kỳ mọi thứ trong túi để bảo đảm rằng các đồ vật cần thiết luôn luôn trong tình trạng tốt và sẵn sàng sử dụng. Chú ý bảo vệ các đồ quý giá, giấy tờ quan trọng và để cùng với các dụng cụ cần thiết; bảo đảm đủ thức ăn và nước trong ít nhất một tuần ở vị trí cao và an toàn. Chuẩn bị các công cụ phục vụ thông tin, liên lạc như: loa cầm tay, đài caset, kẻng, trống... để truyền thông tin khi có dấu hiệu xuất hiện lũ quét, sạt lở.","Cần dùng túi không thấm nước đựng: quần áo dự phòng, diêm/bật lửa, nước uống, thực phẩm khô, đuốc/đèn pin, giấy tờ quan trọng và đồ có giá trị; bảo đảm đủ thức ăn và nước uống trong ít nhất một tuần để ở vị trí cao an toàn. Chuẩn bị thêm dụng cụ thông tin liên lạc như loa cầm tay, đài radio, kẻng, trống.",9b5c5c224289412b880a70c4de27e23d.md,first_aid_survival,Chuẩn bị túi dự phòng khẩn cấp trước mưa lũ sạt lở,easy,"túi không thấm nước, đồ dự phòng khẩn cấp, thực phẩm khô 1 tuần, nước uống, giấy tờ quan trọng, đèn pin bật lửa"
TERRA_QA_070,"Những dấu hiệu bất thường nào trên tường nhà, mặt đất và cây cối báo hiệu nguy cơ sạt lở sườn đồi đang cận kề?","- Tìm hiểu xem khu vực xung quanh nhà mình sinh sống có vết nứt bất thường; Chú ý quan sát và phát hiện các dấu hiệu lạ (cây cối nghiêng dần, những vết nứt trên tường nhà, sườn đồi hoặc các vết lún trên đường, đất...); Khi thấy dấu hiệu lạ phải nhanh chóng thông báo cho chính quyền và người xung quanh để kịp thời chuyển đến nơi an toàn.","Dấu hiệu gồm: Xuất hiện các vết nứt bất thường xung quanh nhà hoặc trên tường nhà; cây cối và cột điện trên sườn đồi nghiêng dần; mặt đường, sườn đồi hoặc nền đất xuất hiện các vết lún nứt nẻ; khi phát hiện các dấu hiệu lạ này phải nhanh chóng báo chính quyền và chuyển ngay đến nơi an toàn.",9b5c5c224289412b880a70c4de27e23d.md,landslide_flashflood,Các dấu hiệu bất thường cảnh báo sạt lở đất,medium,"dấu hiệu lạ, vết nứt tường nhà, cây cối nghiêng dần, vết lún trên sườn đồi, báo chính quyền"
TERRA_QA_071,"Khi nghe thấy tiếng động lớn trong lòng núi hoặc nhận thấy dấu hiệu sạt trượt đất đang xảy ra, người dân phải làm gì?","Di dời khỏi khu vực có dấu hiệu sạt lở đất; Chạy nhanh ra khỏi nơi nguy hiểm khi nghe hoặc nhận thấy tiếng động lớn hoặc dấu hiệu không bình thường.

---

<!-- Page 101 to 102 -->","Người dân phải lập tức di dời khỏi khu vực nguy hiểm, chạy thật nhanh ra khỏi nơi có nguy cơ khi nghe tiếng động lớn hoặc rung chuyển bất thường; tuyệt đối không chần chừ quay lại lấy tài sản.",9b5c5c224289412b880a70c4de27e23d.md,landslide_flashflood,Hành động khẩn cấp khi sạt lở bùng phát,easy,"chạy nhanh, tiếng động lớn, di dời khẩn cấp, sạt lở đất, thoát hiểm"
TERRA_QA_072,Tại sao người dân tuyệt đối không được quay trở lại hoặc đến gần khu vực vừa bị sạt lở đất sau mưa bão?,- Tránh xa những khu vực bị sạt lở đất vì đất vẫn chưa ổn định và còn nguy cơ sạt lở nữa.,"Bởi vì khối đất đá sau khi sạt lở vẫn chưa đạt trạng thái ổn định cơ học, kết cấu đất bị phá vỡ và ngậm no nước nên nguy cơ tiếp tục sạt lở lần hai, lần ba là rất cao và có thể vùi lấp bất cứ ai đến gần.",9b5c5c224289412b880a70c4de27e23d.md,landslide_flashflood,Cảnh báo nguy cơ không quay lại điểm sạt lở,easy,"tránh xa khu vực sạt lở, đất chưa ổn định, nguy cơ sạt lở tiếp, vùi lấp"
TERRA_QA_073,"Những nhóm đối tượng nào trong gia đình cần được chủ động ưu tiên sơ tán trước khi có cảnh báo lũ quét, sạt lở đất?","- Chủ động sơ tán người già, trẻ em, người tàn tật, phụ nữ đang mang thai, đang nuôi con nhỏ trước khi có cảnh báo xảy ra lũ quét, sạt lở.","Các đối tượng cần được chủ động sơ tán sớm gồm: người già, trẻ em, người tàn tật (khuyết tật), phụ nữ đang mang thai và phụ nữ đang nuôi con nhỏ. Đây là những đối tượng di chuyển khó khăn và dễ bị tổn thương nhất khi thảm họa ập đến.",9b5c5c224289412b880a70c4de27e23d.md,vulnerability_evacuation,Đối tượng ưu tiên sơ tán sớm trước lũ quét sạt lở,easy,"ưu tiên sơ tán, người già, trẻ em, người tàn tật, phụ nữ mang thai, đối tượng dễ tổn thương"
TERRA_QA_074,Người dân vùng núi nên lưu những số điện thoại khẩn cấp nào vào mục quay số nhanh trên điện thoại cá nhân?,"Trong danh bạ trên điện thoại cá nhân, hãy lưu vào mục ưu tiên (mục quay số nhanh) những số điện thoại của Ban Chỉ huy Phòng chống thiên tai và Tìm kiếm cứu nạn cấp xã hoặc lực lượng xung kích phòng, chống thiên tai cấp xã, tổ trưởng tổ dân phố, trưởng bản và của người thân, số điện thoại cứu hộ, chữa cháy, cấp cứu, cán bộ y tế... để bấm ngay khi cần gọi khẩn cấp.","Cần lưu vào mục ưu tiên (quay số nhanh): Số điện thoại của Ban Chỉ huy PCTT&TKCN cấp xã, lực lượng xung kích PCTT xã, tổ trưởng dân phố, trưởng bản, người thân, số cứu hộ cứu nạn, phòng cháy chữa cháy, cấp cứu y tế và cán bộ y tế cơ sở.",9b5c5c224289412b880a70c4de27e23d.md,first_aid_survival,Lưu số điện thoại khẩn cấp cứu hộ trong danh bạ,easy,"quay số nhanh, danh bạ ưu tiên, BCH xã, lực lượng xung kích, trưởng bản, cấp cứu y tế"
TERRA_QA_075,Những hành vi nguy hiểm nào người dân tuyệt đối không được thực hiện khi đang xảy ra mưa lũ ở miền núi?,"- Không lưu thông qua những đoạn đường dốc có nguy cơ sạt lở cao hoặc khu vực ngầm, tràn có nước chảy siết; không vớt củi, bắt cá, lội qua suối... khi đang có mưa, lũ.","Tuyệt đối không lưu thông qua các đoạn đường dốc có nguy cơ sạt lở cao; không đi qua khu vực ngầm, tràn có dòng nước chảy xiết; không vớt củi, bắt cá, lội qua sông suối khi đang có mưa lũ.",9b5c5c224289412b880a70c4de27e23d.md,first_aid_survival,Những hành vi bị cấm khi đang có mưa lũ trên sông suối,easy,"không qua ngầm tràn, nước chảy xiết, không vớt củi, không lội qua suối, mưa lũ"
TERRA_QA_076,"Sau khi xảy ra mưa lũ và sạt lở, các bước xử lý nguồn nước sinh hoạt và vệ sinh môi trường cần làm là gì?","c) Sau khi xảy ra mưa, lũ và sạt lở
- Chú trọng việc ăn uống hợp vệ sinh, phòng các dịch bệnh có thể xảy ra sau thiên tai.
- Vệ sinh nhà cửa, đồ đạc, dụng cụ sinh hoạt, chôn lấp xác súc vật chết, thu gom rác... tham gia vệ sinh môi trường cùng cộng đồng.
- Làm sạch giếng, khử trùng nước trước khi sử dụng lại.
- Không đến khu vực gần bờ sông, suối hoặc nơi bị lũ quét, sạt lở đất, đá.
-","Cần: Ăn chín, uống sôi hợp vệ sinh phòng dịch bệnh; vệ sinh nhà cửa, đồ đạc; thu gom rác thải và chôn lấp xác súc vật chết; làm sạch giếng khơi, khử trùng nước sinh hoạt (bằng hóa chất khử khuẩn) trước khi sử dụng lại; không đến gần mép sông suối hoặc nơi vừa sạt lở.",9b5c5c224289412b880a70c4de27e23d.md,first_aid_survival,Xử lý nguồn nước và vệ sinh sau mưa lũ sạt lở,medium,"vệ sinh môi trường, ăn chín uống sôi, chôn lấp súc vật, làm sạch giếng, khử trùng nước"
TERRA_QA_077,Khái niệm Quản lý rủi ro thiên tai dựa vào cộng đồng (CBDRM) là gì và hướng tới mục đích gì?,"## II. QUẢN LÝ RỦI RO THIÊN TAI DỰA VÀO CỘNG ĐỒNG
### 2.1. Quản lý rủi ro thiên tai dựa vào cộng đồng
#### 2.1.1. Một số khái niệm
a) Cộng đồng
Một cộng đồng có thể được xem là một nhóm người cùng có một hoặc nhiều điểm chung, như cùng môi trường sống, nơi sống, cùng chịu rủi ro thảm họa hoặc cùng chịu ảnh hưởng do rủi ro thảm họa gây ra. Họ có thể cùng chia sẻ những vấn đề, mối quan tâm, hy vọng hoặc cách ứng xử. Tuy nhiên, cộng đồng không phải lúc nào cũng đồng nhất do các thành viên trong cộng đồng có thể có các mối quan tâm khác nhau.

Trong tài liệu này, chúng ta sẽ sử dụng thuật ngữ cộng đồng để mô tả những người cùng sống trong thôn, xã thuộc địa phương cụ thể.

b) Thiên tai
Là hiện tượng tự nhiên bất thường có thể gây thiệt hại về người, tài sản, môi trường, điều kiện sống và các hoạt động kinh tế - xã hội, bao gồm: bão, áp thấp nhiệt đới, lốc, sét, mưa lớn, lũ, lũ quét, ngập lụt, sạt lở đất do mưa lũ hoặc dòng chảy, sụt lún đất do mưa lũ hoặc dòng chảy, nước dâng, xâm nhập mặn, nắng nóng, hạn hán, rét hại, mưa đá, sương muối, động đất, sóng thần và các loại thiên tai khác.

Thiên tai đang có xu hướng cực đoan hơn bởi tác động của biến đổi khí hậu.

c) Rủi ro thiên tai
Là thiệt hại mà thiên tai có thể gây ra về người, tài sản, môi trường, điều kiện sống và hoạt động kinh tế - xã hội.

Ví dụ: Rủi ro thiên tai do bão gây ra có thể là nhà cửa bị tốc mái hoặc sập đổ; người dân bị thiệt mạng hoặc thương tích; thuyền đánh cá bị phá hỏng; cây trồng bị quật ngã, mùa màng thất thu...

55

d) Tình trạng dễ bị tổn thương
Là những đặc điểm và hoàn cảnh của một cộng đồng, môi trường hoặc tài sản dễ bị ảnh hưởng của các tác động bất lợi từ thiên tai.

Ví dụ: Người dân xây dựng nhà ở những khu vực có nguy cơ xảy ra lũ quét; khu vực có nhiều nhà tạm, nhà cấp 4 trong vùng bão, lũ; ngư dân đánh bắt thủy hải sản thiếu trang thiết bị đảm bảo an toàn.

đ) Năng lực phòng chống thiên tai
Năng lực phòng chống thiên tai là tổng hợp các nguồn lực, điểm mạnh, các điều kiện và đặc tính sẵn có trong cộng đồng, tổ chức và xã hội có thể được sử dụng nhằm đạt được các mục tiêu đề ra, gồm: năng lực phòng ngừa, năng lực ứng phó và năng lực phục hồi, tái thiết sau thiên tai.

Ví dụ: Năng lực ứng phó (tổ chức di dời kịp thời, diễn tập, tổ chức thành lập các nhóm ứng phó nhanh, cứu hộ); Hệ thống công trình (nhà kiên cố, hệ thống đê điều); ý thức, kinh nghiệm, kỹ năng của cộng đồng và người dân.

e) Rủi ro thảm hoạ (RRTH)
Những tổn thất tiềm ẩn về tính mạng, tình trạng sức khỏe, các hoạt động sinh kế, tài sản và các dịch vụ 2 do thảm họa gây ra cho một cộng đồng hoặc một xã hội cụ thể trong một khoảng thời gian nhất định.

f) Quản lý rủi ro thảm hoạ (QLRRTH)
Là quá trình mang tính hệ thống trong việc sử dụng các hướng dẫn hành chính, các tổ chức, năng lực và các kỹ năng điều hành nhằm thực hiện các chiến lược, chính sách và khả năng đối phó đã được nâng cao để giảm thiểu các tác động bất lợi của hiểm họa và khả năng xảy ra thảm họa.

i) Quản lý rủi ro thảm hoạ dựa vào cộng đồng (QLRRTH-DVCĐ)
Quản lý rủi ro thảm hoạ dựa vào cộng đồng là một quá trình giảm tình trạng dễ bị tổn thương của người dân và tăng cường năng lực của họ để phòng ngừa, giảm nhẹ và chuẩn bị ứng phó với hiểm họa. Đánh giá toàn diện về mức độ rủi ro của người dân đối với hiểm hoạ và phân tích tình trạng dễ bị tổn thương cũng như năng lực của họ là cơ sở của chương trình giảm nhẹ rủi ro thảm họa. Sự tham gia trực tiếp về người dân trong cộng đồng vào quá trình thực hiện các hoạt động giảm nhẹ rủi ro thảm họa (GNRRTH) ở cấp địa phương là rất cần thiết.

56

---

<!-- Page 55 to 56 -->
Khi người dân trong cộng đồng tham gia vào toàn bộ quá trình quản lý rủi ro thảm hoạ dựa vào cộng đồng, tình trạng dễ bị tổn thương, nhu cầu cũng như nguồn lực và năng lực riêng của họ được xem xét. Do đó, nhiều khả năng các vấn đề của họ sẽ được giải quyết hợp lý hơn và hiệu quả hơn.
Để hiểu rõ hơn chu trình quản lý rủi ro thảm họa dựa vào cộng đồng, có thể tham khảo mô hình sau (Hình 1

> [MÔ TẢ HÌNH ẢNH/SƠ ĐỒ]: Sơ đồ có tiêu đề ""Mô hình co dãn"" minh họa chu trình quản lý rủi ro thảm họa theo thời gian. Sơ đồ có hình dạng một đường lượn sóng, giống như một lò xo hoặc dây co dãn, với một điểm trung tâm lớn ghi ""THẢM HỌA"". Các giai đoạn quản lý rủi ro được bố trí xung quanh điểm ""THẢM HỌA"" và trên trục ""Thời gian"".
>
> Các giai đoạn được thể hiện là:
> - **Phòng ngừa**: Nằm ở phía trước ""THẢM HỌA"" trên trục thời gian.
> - **Giảm nhẹ**: Nằm ở phía trên và phía trước ""THẢM HỌA"", song song với ""Phòng ngừa"".
> - **Cứu trợ và ứng phó**: Nằm ngay sau ""THẢM HỌA"".
> - **Khắc phục và Phục hồi**: Nằm sau ""Cứu trợ và ứng phó"" trên trục thời gian.
> - Một mũi tên ""Giảm nhẹ"" khác được đặt ở cuối trục thời gian, cho thấy tính chu kỳ hoặc liên tục của quá trình.
>
> Các giai đoạn này được thể hiện bằng các vùng màu sắc khác nhau, tạo thành một chu trình liên tục, nhấn mạnh rằng các hoạt động này diễn ra trước, trong và sau thảm họa, và có thể lặp lại.

Hình 1: Mô hình quản lý rủi ro thảm họa (Mô hình Co – Dãn)
Nguồn: Hội chữ thập đỏ Việt Nam – Tài liệu phòng ngừa thảm họa
(Tháng 9/2000)

Đây là một trong những mô hình quản lý rủi ro thảm hoạ dựa vào cộng đồng. Mô hình này cho thấy các biện pháp nhằm hạn chế rủi ro thảm họa như phòng, chống, giảm nhẹ, ứng phó và phục hồi được thực hiện ở mọi thời điểm tại một khu vực trọng điểm của thảm họa. Tuy nhiên, tỉ lệ tương đối của mỗi phần “dãn ra” hoặc “co lại” phụ thuộc vào mối quan hệ giữa hiểm họa và tình trạng dễ bị tổn thương của con người.

Phương pháp tiếp cận quản lý rủi ro thảm hoạ dựa vào cộng đồng nhấn mạnh vào sự tham gia tích cực của các thành viên nam, nữ trong cộng đồng ở tất cả các giai đoạn quản lý rủi ro thảm họa. Trong đó, sự tham gia của nhóm người dễ bị tổn thương nhất được ưu tiên hàng đầu và để thực hiện quản lý rủi ro thảm hoạ thành công cần có sự hỗ trợ của những người ít bị tổn thương cho nhóm này. Đồng thời chính quyền, các tổ chức xã hội, Phi Chính phủ tại địa phương và Trung ương có trách nhiệm tham gia và hỗ trợ người dân trong suốt quá trình thực hiện.","CBDRM là quá trình quản lý rủi ro thiên tai trong đó cộng đồng địa phương đóng vai trò trung tâm từ việc đánh giá hiểm họa, tính dễ bị tổn thương đến việc xây dựng, triển khai và giám sát kế hoạch giảm nhẹ rủi ro. Mục đích là phát huy tối đa năng lực tự ứng phó tại chỗ và giảm thiểu tổn thất cho cộng đồng.",9b5c5c224289412b880a70c4de27e23d.md,community_governance,Khái niệm và mục đích của CBDRM,medium,"CBDRM, quản lý RRTT dựa vào cộng đồng, đánh giá hiểm họa, năng lực tự ứng phó"
TERRA_QA_078,"Ba nhóm biện pháp trong quản lý rủi ro thiên tai dựa vào cộng đồng (Trước, Trong, Sau thiên tai) được tổ chức ra sao?","## 2.2. Các nhóm biện pháp quản lý rủi ro thiên tai dựa vào cộng đồng

### 2.2.1. Trước thiên tai

Ngăn ngừa, giảm nhẹ, phòng ngừa.

- Ngăn ngừa: Là các biện pháp tránh hoàn toàn các tác động bất lợi của hiểm hoạ và thiên tai liên quan. Ví dụ: Xây dựng hệ thống đập và đê kè để ngăn lũ, xây dựng và ban hành các quy định về sử dụng đất nhằm nghiêm cấm hành vi xây dựng nhà ở tại các khu vực nguy cơ cao, thiết kế các công trình hoặc nhà ở có kiến trúc chịu được tác động dư chấn của động đất...
- Giảm nhẹ: Là các biện pháp bảo vệ các yếu tố dễ bị rủi ro thiên tai nhằm giảm nhẹ hoặc hạn chế tác động có hại của thiên tai tới các yếu tố đó. Ví dụ: Siết chặt các quy định về bảo vệ môi trường, tập huấn nâng cao nhận thức cộng đồng, tăng cường gia cố các công trình phòng hộ.
- Phòng ngừa: Là việc trang bị năng lực và kiến thức cần thiết của cơ quan,

> [MÔ TẢ HÌNH ẢNH/SƠ ĐỒ]: Sơ đồ minh họa mối quan hệ giữa hiểm họa, tình trạng dễ bị tổn thương và thiên tai, cùng với các biện pháp ngăn ngừa, giảm nhẹ và phòng ngừa.
>
> Hình ảnh phía trên cùng bên trái có chữ ""Hiểm họa"" (Hazard) và hình ảnh một đống đất đá.
> Hình ảnh phía trên cùng bên phải có chữ ""Thiên tai"" (Disaster) và hình ảnh một đống đất đá đang sạt lở.
> Ở giữa hai hình ảnh trên là chữ ""Tình trạng dễ bị tổn thương"" (Vulnerability).
>
> Phía dưới là ba hình ảnh minh họa các biện pháp:
> 1.  **Ngăn ngừa** (Prevention): Một đống đất đá được chặn lại bởi một bức tường hoặc đê.
> 2.  **Giảm nhẹ** (Mitigation): Một đống đất đá đang sạt lở nhưng có một người đang cố gắng chặn lại hoặc giảm bớt tác động. Có một bong bóng thoại với chữ ""Chạy địt Đá lở kia!"" (Run, the rockslide is coming!).
> 3.  **Phòng ngừa** (Preparedness): Một đống đất đá được gia cố bằng các cọc hoặc lưới, và có người đang quan sát.
>
> Sơ đồ này cho thấy hiểm họa và tình trạng dễ bị tổn thương dẫn đến thiên tai. Các biện pháp ngăn ngừa, giảm nhẹ và phòng ngừa được áp dụng để đối phó với các yếu tố này.

tổ chức, cá nhân nhằm sẵn sàng ứng phó, khắc phục hậu quả và tài thiết một cách kịp thời và hiệu quả. Ví dụ: Lên kế hoạch sơ tán, thiết lập hệ thống dự trữ hàng hóa và cảnh báo sớm, tập huấn kỹ năng phòng chống thiên tai, diễn tập...

### 2.2.2. Trong thiên tai: Ứng phó

- Ứng phó: Là các hoạt động khẩn cấp hỗ trợ cộng đồng trong hoặc ngay sau thiên tai nhằm bảo vệ tín mạng, sức khoẻ, tài sản, an toàn xã hội và đáp ứng các nhu cầu cơ bản của những người bị ảnh hưởng với thiên tai. Ví dụ: sơ tán, tìm kiếm và cứu hộ, cung cấp lương thực, thực phẩm khẩn cấp, hỗ trợ y tế...

### 2.2.3. Sau thiên tai: Khôi phục

- Khôi phục: Là các hoạt động khôi phục và nâng cấp các trang thiết bị, điều kiện sống bị tác động bởi thiên tai, bao gồm cả những nỗ lực nhằm giảm nhẹ rủi ro thiên tai. Ví dụ: cung cấp nhà tạm, cung cấp hạt giống, công cụ, máy móc, sửa chữa, xây dựng lại nhà cửa...","Gồm 3 nhóm biện pháp: (1) Trước thiên tai: Phòng ngừa, giảm nhẹ hiểm họa, lập kế hoạch ứng phó, tập huấn sơ cấp cứu và chuẩn bị 4 tại chỗ; (2) Trong thiên tai: Triển khai các biện pháp ứng phó khẩn cấp, sơ tán bảo vệ tính mạng và tài sản; (3) Sau thiên tai: Cứu trợ, khắc phục thiệt hại, vệ sinh môi trường, phục hồi sinh kế và tái thiết cộng đồng an toàn hơn.",9b5c5c224289412b880a70c4de27e23d.md,community_governance,3 nhóm biện pháp quản lý rủi ro thiên tai dựa vào cộng đồng,medium,"3 nhóm biện pháp, trước thiên tai, trong thiên tai, sau thiên tai, phòng ngừa, ứng phó, khắc phục tái thiết"
TERRA_QA_079,Nội dung cốt lõi của Bước 3 trong quy trình CBDRM: Đánh giá rủi ro thảm họa dựa vào cộng đồng là gì?,"### Bước 3: Đánh giá rủi ro thảm họa dựa vào cộng đồng và xác định biện pháp giảm nhẹ rủi ro thảm họa dựa vào cộng đồng

Mục đích:
*   Xác định, đánh giá và xếp hạng các rủi ro thảm họa, các hiểm họa, tình

64

---

<!-- Page 63 to 64 -->
trạng dễ bị tổn thương và khả năng của cộng đồng
Kết quả mong đợi:
- Thu thập được thông tin về cộng đồng, các loại hiểm họa, rủi ro thảm họa
tại địa phương và tình trạng dễ bị tổn thương, khả năng của cộng đồng.
- Cộng đồng hiểu rõ hơn về tình hình địa phương liên quan đến rủi ro thảm họa.
- Cộng đồng hiểu về khả năng của chính mình trong công tác quản lý rủi ro
thảm họa.
- Cộng đồng và các tổ chức đoàn thể, xã hội, doanh nghiệp và các bên liên
quan khác tăng cường quan hệ hợp tác.
Nguyên tắc:
- Thông tin được thu thập và phân tích có sự tham gia tích cực của cộng
đồng bao gồm cả nam giới và phụ nữ, trong đó ưu tiên sự tham gia của các đối
tượng dễ bị tổn thương.
- Nâng cao năng lực cho cộng đồng ngay trong quá trình đánh giá rủi ro.
- Đánh giá rủi ro thảm họa trong bối cảnh thích ứng với biến đổi khí hậu.
Nội dung thực hiện:
Đánh giá rủi ro thảm họa dựa vào cộng đồng bao gồm các nội dung: đánh
giá hiểm họa, tình trạng dễ bị tổn thương, khả năng và nhận thức về rủi ro của
cộng đồng.
Các bước thực hiện:
- Quá trình đánh giá rủi ro thảm họa cần được một nhóm đánh giá đã được
tập huấn về phương pháp đánh giá có sự tham gia tổ chức và hướng dẫn.
- Xác định các thông tin cần thu thập trong quá trình đánh giá hiểm họa,
tình trạng dễ bị tổn thương, khả năng và nhận thức của cộng đồng về rủi ro
thảm họa.
- Thu thập thông tin: Thông qua các buổi họp dân, phỏng vấn, thảo luận
nhóm có trọng tâm.
- Tổng hợp kết quả đánh giá, chia sẻ và xác minh thông tin với cộng đồng.
- Sau khi phân tích, tổng hợp sơ bộ kết quả đánh giá, nhóm đánh giá cần tổ
chức cuộc họp với toàn thể cộng đồng để thông báo kết quả đánh giá, ghi nhận
các ý kiến phản hồi của người dân, hướng dẫn xếp hạng cho các rủi ro đã được
65
xác định và thảo luận các biện pháp giảm nhẹ và thích cho từng rủi ro ưu tiên.
- Kết quả của đánh giá rủi ro là cơ sở của lập kế hoạch và cũng đưa ra các chỉ
số để đánh giá sự thay đổi về tình trạng dễ bị tổn thương và khả năng của cộng đồng.
- Trong quá trình tổng hợp kết quả đánh giá, chia sẻ kết quả này cho cộng
đồng, các bên liên quan và chính quyền địa phương.
Bước 4: Xây dựng kế hoạch quản lý rủi ro thiên tai dựa vào cộng đồng
Mục đích:
- Xây dựng một kế hoạch giảm thiểu rủi ro thảm họa và thích ứng với
BĐKH thông qua một quy trình có sự tham gia của cộng đồng.
- Lồng ghép kế hoạch giảm thiểu rủi ro thảm họa vào kế hoạch phát triển
kinh tế, xã hội của địa phương.
Kết quả mong đợi
- Cộng đồng sẽ xây dựng các kế hoạch nhằm giảm tình trạng dễ bị tổn
thương và tăng khả năng của cá nhân, hộ gia đình, thôn và xã trước, trong và sau
thảm họa.
- Huy động sự tham gia hiệu quả của các nguồn lực tại địa phương (con
người và vật chất).
- Cộng đồng, chính quyền và các bên liên quan thống nhất các biện pháp
giảm thiểu rủi ro thảm họa thích hợp với cộng đồng và gắn với định hướng phát
triển kinh tế, xã hội của địa phương.
Nguyên tắc:
- Đảm bảo kế hoạch phải được lập dựa trên kết quả đánh giá rủi ro đã có
tính đến các yếu tố giới, thực tế và phù hợp với bối cảnh của địa phương.
- Bảo đảm phát huy dân chủ cấp cơ sở với sự tham gia ở diện rộng của
cộng đồng, ưu tiên các nhóm dễ bị tổn thương.
- Kế hoạch phải cụ thể và thường xuyên được rà soát và cập nhật.
- Lồng ghép kế hoạch giảm thiểu rủi ro thảm họa vào các kế hoạch phát
triển kinh tế - xã hội và đầu tư của địa phương, nâng cao tính trách nhiệm của các
cơ quan nhà nước, tổ chức xã hội liên quan và đối tượng hưởng lợi.
Nội dung thực hiện:
Kế hoạch này gồm 2 khía cạnh:
66

---

<!-- Page 65 to 66 -->
*   Ứng phó khẩn cấp
*   Giảm nhẹ rủi ro thảm họa dài hạn

Chuẩn bị ứng phó khẩn cấp bao gồm: cảnh báo sớm, sơ tán (bao gồm cả đường đi sơ tán, vị trí người dân đến sơ tán ...), tìm kiếm cứu nạn và cứu trợ. Các thông tin này cần phải có trong kế hoạch phòng chống lụt bão của xã và cần được trình nộp cho Ban chỉ huy phòng chống lụt bão cấp huyện và cấp tỉnh và cần được đưa vào trong kế hoạch phòng chống lụt bão của tỉnh.

Kế hoạch giảm nhẹ rủi ro thảm họa cần bao gồm các hoạt động nhằm giảm bớt tác động có thể có của thảm họa, kết nối với công tác ứng phó khẩn cấp và các nỗ lực giảm nhẹ và phục hồi với những sáng kiến phát triển cộng đồng ngắn hạn và dài hạn. Thông tin này cần phải đưa vào trong kế hoạch phát triển kinh tế - xã hội. Kế hoạch này sẽ trình nộp lên cơ quan cấp huyện và tỉnh để đưa vào kế hoạch phát triển kinh tế - xã hội của tỉnh.

Nội dung chính của kế hoạch bao gồm các thông tin sau:

Thông tin tổng quan: Đặc điểm tình hình kinh tế xã hội, sinh kế, cơ sở hạ tầng, vệ sinh môi trường, giáo dục, y tế và nước sạch của thôn, xã.

Phân tích mức độ rủi ro thảm họa của địa phương: Tổng hợp các kết quả đánh giá rủi ro thảm họa, tình trạng dễ bị tổn thương và khả năng của cộng đồng.

Mục tiêu cụ thể: Các kết quả mong muốn đạt được sau khi thực hiện kế hoạch này. Mục tiêu cụ thể cần có tính khả thi và có giới hạn thời gian thực hiện.

Các chỉ số/chỉ báo (cụ thể, có tính khả thi, phù hợp và có giới hạn thời gian thực hiện). Mỗi một mục tiêu cụ thể cần có các chỉ số/chỉ báo rõ ràng và khả thi nhằm đo lường kết quả thực hiện các hoạt động có liên quan đạt được đến mức độ nào đối với mục tiêu đề ra

Các biện pháp giảm nhẹ rủi ro thảm họa: các hoạt động cụ thể bao gồm các biện pháp phi công trình và công trình tại các thời điểm trước, trong và sau thảm họa.

Tổ chức thực hiện: Các yêu cầu và điều kiện cần thiết để việc thực hiện kế hoạch đạt được mục tiêu đề ra.

Giám sát và đánh giá: Cần có kế hoạch giám sát và đánh giá quá trình và kết quả thực hiện các hoạt động trong kế hoạch.

Các bước thực hiện:

67

- Xây dựng hình ảnh cộng đồng mơ ước và xác định mục tiêu cụ thể.
- Tiến hành thảo luận về hình ảnh “một cộng đồng an toàn” theo mong muốn của cộng đồng. Tại bước này, người dân, chính quyền địa phương và các bên liên quan cùng trao đổi và nhất trí về những gì họ muốn đạt được trong quá trình quản lý thảm họa.
- Xác định các biện pháp giảm nhẹ rủi ro thảm họa và huy động nguồn lực
    *   Sau khi có mục tiêu, nhóm đánh giá cùng người dân sẽ xác định và lựa chọn ưu tiên các biện pháp giảm nhẹ tình trạng dễ bị tổn thương và nâng cao khả năng nhằm đạt được những mục tiêu đã đề ra. Đồng thời xác định nguồn lực trong và ngoài cộng đồng cần huy động cho từng giải pháp đó.
    *   Mỗi hoạt động có thể xác định theo: các hoạt động thực hiện trước - trong - sau thảm họa, hoặc biện pháp phi công trình và công trình.
- Xây dựng kế hoạch hành động

Tại bước này cộng đồng và nhóm thực hiện cùng chính quyền địa phương xây dựng kế hoạch hành động bao gồm các nội dung chính trên.

Bước 5: Thực hiện kế hoạch quản lý rủi ro thiên tai dựa vào cộng đồng.

Mục đích:

Mục đích của bước này là tạo cơ hội cho cộng đồng quản lý việc thực hiện các hoạt động giảm nhẹ rủi ro thảm họa. Cộng đồng tham gia thực hiện và theo dõi các hoạt động với sự ủng hộ và hỗ trợ hiệu quả của nhóm thực hiện và chính quyền địa phương cũng như các bên liên quan khác.

Kết quả mong đợi:

- Các kế hoạch được thực hiện một cách hiệu quả, có chất lượng và kịp thời.
- Đảm bảo sự tham gia của cộng đồng trong quá trình thực hiện.
- Các nguồn lực trong và ngoài cộng đồng được sử dụng hiệu quả.
- Thực hiện và theo dõi các hoạt động cùng với sự hỗ trợ hiệu quả của các bên liên quan.
- Đóng góp vào giảm nhẹ tình trạng dễ bị tổn thương do thảm họa gây ra, góp phần giảm nghèo và cải thiện điều kiện kinh tế xã hội và sự phát triển của địa phương.

Nguyên tắc:

68

---

<!-- Page 67 to 68 -->
- Đảm bảo sự phối hợp và tham gia của cộng đồng và các bên liên quan thông qua chia sẻ thông tin và thực hiện kế hoạch.
- Đảm bảo các thủ tục và quy trình thực hiện công khai, minh bạch đối với cộng đồng và các bên liên quan.
- Kế hoạch này được xem xét và điều chỉnh thường xuyên để phù hợp với tình hình thực tế và giúp cộng đồng đạt được mục tiêu quản lý rủi ro thảm họa của mình.
- Phù hợp về mặt văn hóa và truyền thống. Tùy thuộc vào từng bối cảnh cụ thể mà sử dụng các phương pháp và công cụ thích hợp với văn hóa và truyền thống của cộng đồng và ưu tiên nhóm đối tượng dễ bị tổn thương.

Nội dung thực hiện:
- Dựa trên Kế hoạch giảm nhẹ rủi ro thảm họa đã được lập với sự phân công cụ thể cho từng đối tượng, cộng đồng và các nguồn lực bao gồm nhân sự (nhóm thực hiện và các bên liên quan), tài chính, kỹ thuật sẽ được huy động và phối hợp để triển khai kế hoạch một cách hiệu quả và kịp thời. Cộng đồng và nhóm thực hiện có thể hàng năm diễn tập ứng phó khẩn cấp theo kế hoạch đã được lập.

Bước 6: Giám sát và đánh giá kế hoạch có sự tham gia của cộng đồng
Mục đích:
- Để biết rằng các hoạt động trong kế hoạch có đạt được các mục tiêu đề ra hay không. Làm thế nào để đạt được mục tiêu của chương trình một cách tốt nhất?
- Để đánh giá một quá trình hoàn thành các mục tiêu, tính hiệu quả, tác động và tính bền vững.
- Để tạo ra một hệ thống thông tin phản hồi thường xuyên, khuyến khích sự học hỏi và chia sẻ. Giúp người dân và các bên liên quan học hỏi từ những kinh nghiệm thành công và thất bại, nhằm mục đích làm tốt hơn trong tương lai.

Kết quả mong đợi
- Các biện pháp và hoạt động giảm nhẹ rủi ro thảm họa được thực hiện hiệu quả, chất lượng và đúng tiến độ.
- Đảm bảo trách nhiệm giải trình và hoàn thiện công tác quản lý và đưa ra quyết định.
- Người dân sẽ nâng cao kỹ năng, tăng cường năng lực lập kế hoạch, giải quyết vấn đề và ra quyết định. Thông qua các thông tin định tính và hệ thống phản hồi, chính quyền và các bên liên quan sẽ nắm được tiến độ và kết quả hoạt động.

69

Việc theo dõi và đánh giá giúp xác định được các vấn đề tồn tại và một số hoạt động nào đó đã không được thực hiện như kế hoạch đã vạch ra. Họ cũng hiểu biết tốt hơn về các yếu tố có thể gây ảnh hưởng đến dự án của họ, các nguyên nhân dẫn đến thành công hay thất bại và tại sao điều đó xảy ra.

Nguyên tắc:
- Có sự tham gia của cộng đồng, chính quyền và các bên liên quan, ngay từ khi xây dựng các chỉ số theo dõi và đánh giá.
- Theo dõi và đánh giá cần nhấn mạnh vào quá trình trải nghiệm và học hỏi. Khuyến khích sự chia sẻ cởi mở giữa các bên liên quan, liên tục phản hồi về kết quả của việc ra quyết định và cách sử dụng các phương pháp và các hướng dẫn.
- Cần bảo đảm việc nâng cao năng lực và tính làm chủ của cộng đồng địa phương.
- Theo dõi và đánh giá cần có sự linh hoạt và vận dụng thích hợp tùy theo đặc thù của từng dự án và nhu cầu cụ thể.

Nội dung thực hiện theo dõi:
- Theo dõi là việc thu thập và phân tích thông tin một cách có hệ thống về tiến độ thực hiện dự án, chương trình. Theo dõi là một quá trình liên tục nhằm kiểm tra các hoạt động có thực hiện theo đúng tiến độ không, dự án có tiến hành phù hợp với kế hoạch không, người chịu trách nhiệm có làm tốt nhiệm vụ không.
- Thông qua việc thường xuyên thu thập thông tin, theo dõi hỗ trợ các tổ chức nắm bắt vấn đề cần quan tâm, kịp thời ra quyết định, đảm bảo trách nhiệm giải trình và tạo nền tảng cho việc đánh giá và rút kinh nghiệm.

Đánh giá:
- Đánh giá là việc đối chiếu kết quả thực tế với mục tiêu và đầu ra đã được lập ra từ ban đầu để các xác định các mục tiêu của kế hoạch có đạt được hay không, dự án có thành công hay không.
- Nội dung đánh giá bao gồm: tác động của dự án đối với đối tượng hưởng lợi, hiệu quả hoạt động, tính phù hợp, tính bền vững và khả năng nhân rộng hoạt động.
- Việc đánh giá có thể được thực hiện theo giai đoạn trước, trong (giữa giai đoạn thực hiện và sau khi dự án, chương trình kết thúc.
- Đánh giá có nhiều phương pháp khác nhau, có thể dùng định lượng (con số và bảng biểu) và/hoặc định tính (nhận thức, kiến thức và thay đổi hành vi của đối tượng).
- Quá trình đánh giá cần cung cấp thông tin đáng tin cậy và hữu ích, cho

70

---

<!-- Page 69 to 70 -->
phép lồng ghép những bài học kinh nghiệm vào quá trình ra quyết định của cộng đồng và các bên có liên quan.","Bước 3 tập trung vào: (1) Đánh giá hiểm họa thiên tai mà địa phương thường gặp; (2) Đánh giá tình trạng dễ bị tổn thương (về con người, cơ sở hạ tầng, kinh tế, môi trường); (3) Đánh giá năng lực sẵn có của cộng đồng; từ đó xác định thứ tự ưu tiên các biện pháp giảm nhẹ rủi ro công trình và phi công trình phù hợp với nguồn lực địa phương.",9b5c5c224289412b880a70c4de27e23d.md,risk_assessment_mapping,Đánh giá rủi ro thảm họa và tính tổn thương cộng đồng,hard,"Bước 3 CBDRM, đánh giá hiểm họa, tính dễ bị tổn thương, năng lực cộng đồng, giảm nhẹ rủi ro"
TERRA_QA_080,"Theo dự báo kịch bản biến đổi khí hậu, nếu mực nước biển dâng 1m thì các vùng đồng bằng và ven biển Việt Nam chịu tổn thất như thế nào?","### Bảng 5. Dự báo tác động của việc dâng mực nước biển 1m ở Việt Nam

| | Tổng số | Chịu tác động (giá trị tuyệt đối) | Chịu tác động (tỉ lệ %) |
|---|---|---|---|
| Diện tích (km2) | 328.535 | 16.977 | 5,17 |
| Dân số (triệu người) | 78,137 | 8,437 | 10,8 |
| GDP (tỉ USD) | 154,787 | 15,805 | 10,21 |
| Diện tích đô thị (km2) | 5.904 | 634 | 10,74 |
| Diện tích nông nghiệp (km2) | 192.816 | 13.773 | 7,14 |
| Đất ngập nước (km2) | 46.179 | 13.241 | 28,67 |

Nguồn: Đỗ Nam Thắng trích từ nghiên cứu của Dasgupta et al. 2007.

Theo Chương trình mục tiêu quốc gia ứng phó với biến đổi khí hậu, tình hình biến đổi khí hậu ở Việt Nam có những điểm đáng lưu ý sau:

Nhiệt độ: Trong khoảng 50 năm qua (1951 - 2000), nhiệt độ trung bình năm ở Việt Nam đã tăng lên 0,7oC. Nhiệt độ trung bình năm của 4 thập kỷ gần đây

² http://hdll.vn/vi/nghien-cuu---trao-doi/anh-huong-cua-bien-doi-khi-hau-doi-voi-nuoc-ta-thuc-trang-nhung-van-de-moi-dat-ra-va-giai-phap.html

28

---

<!-- Page 27 to 28 -->
(1961-2000) cao hơn trung bình năm của 3 thập kỷ trước đó (1931-1960). Nhiệt độ trung bình năm của thập kỷ 1991 - 2000 ở Hà Nội, Đà Nẵng, Thành phố Hồ Chí Minh đều cao hơn trung bình của thập kỷ 1931 - 1940 lần lượt là 0,8; 0,4 và 0,60C. Năm 2007, nhiệt độ trung bình năm ở cả 3 nơi trên đều cao hơn trung bình của thập kỷ 1931 - 1940 là 0,8 - 1,30C và cao hơn thập kỷ 1991-2000: 0,4 - 0,50С.

Lượng mưa: Trên từng địa điểm, xu thế biến đổi của lượng mưa trung bình năm trong 9 thập kỷ vừa qua (1911-2000) không rõ rệt theo các thời kỳ và trên các vùng khác nhau: có giai đoạn tăng lên và có giai đoạn giảm xuống.

Mực nước biển: Theo số liệu quan trắc trong khoảng 50 năm qua ở các trạm Cửa Ông và Hòn Dấu, mực nước biển trung bình đã tăng lên khoảng 20 cm, phù hợp với xu thế chung của toàn cầu.

Số đợt không khí lạnh: Ảnh hưởng tới Việt Nam giảm đi rõ rệt trong hai thập kỷ gần đây (cuối thế kỷ XX đầu thế kỷ XXI). Năm 1994 và năm 2007 chỉ có 15-16 đợt không khí lạnh bằng 56% trung bình nhiều năm. 6/7 trường hợp có số đợt không khí lạnh trong mỗi tháng mùa đông (XI - III) thấp dị thường (0-1 đợt) cũng rơi vào 2 thập kỷ gần đây (3/1990, 1/1993, 2/1994, 12/1994, 2/1997, 11/1997). Một biểu hiện dị thường gần đây nhất về khí hậu trong bối cảnh biến đổi khí hậu toàn cầu là đợt không khí lạnh gây rét đậm, rét hại kéo dài 38 ngày trong tháng 1 và tháng 2 năm 2008 gây thiệt hại lớn cho sản xuất nông nghiệp.

Việt Nam đang đối mặt với nhiều tác động của biến đổi khí hậu bao gồm tác động đến cuộc sống, sinh kế, tài nguyên thiên nhiên, cấu trúc xã hội, hạ tầng kỹ thuật và nền kinh tế. Ở Việt Nam, những lĩnh vực được đánh giá dễ bị ảnh hưởng do biến đổi khí hậu bao gồm: nông nghiệp và an ninh lương thực, tài nguyên nước, sức khoẻ, nơi cư trú, nhất là khu vực ven biển và miền núi.

Trong đó, biến đổi khí hậu ảnh hưởng trực tiếp và gián tiếp đến nguồn tài nguyên nước. Nguồn nước mặt khan hiếm trong mùa khô gây hạn hán và quá dư thừa trong mùa mưa gây lũ lụt. Nguồn nước ngầm bị suy giảm dẫn đến cạn kiệt do khai thác quá mức và thiếu nguồn bổ sung.

Tác động đối với môi trường sống.

Thiếu nước ngọt và xâm nhập mặn: Việt Nam có hai vùng châu thổ rộng lớn là châu thổ lớn là sông Hồng ở phía Bắc - diện tích 17.000 km²) và châu thổ sông Cửu Long (Mê Công), diện tích gần 35.000 km² ở phía Nam, trong đó vùng Đồng bằng sông cửu long chịu ảnh hưởng mạnh mẽ của chế độ thuỷ triều.

Thủy triều trong sông ở Đồng bằng sông cửu long là do từ biển truyền vào. Tính từ biển Đông thủy triều truyền vào hạ lưu châu thổ qua các sông lớn như:
29
sông Tiền, sông Hậu hoặc các sông nhỏ như: Gành Hào, Bồ Đề... Từ vịnh Thái Lan thuỷ triều truyền vào Đồng bằng sông cửu long qua các sông Cái Lớn, Bảy Háp, Đông Cung, Ông Đốc, Cửa Lớn... Sự xâm nhập mặn do ảnh hưởng triều biển Tây ít hơn so với triều biển Đông. Vùng Đồng Tháp Mười chịu ảnh hưởng chủ yếu là triều biển đông. Tại khu vực này, do lòng sông hẹp và nông hơn nhiều so với biển, kết hợp với ảnh hưởng của nước thượng nguồn chảy xuôi, cùng với ảnh hưởng khác nên khi truyền triều vào sóng biển bị biến dạng, chính lượng nước thượng nguồn đã làm giảm sự ảnh hưởng của mặn vào sâu đất liền. Do vậy, ảnh hưởng của thuỷ triều đối với Đồng bằng sông cửu long diễn biến theo mùa rõ rệt - mặn cao nhất đạt ở mùa kiệt. Mùa lũ nước sông từ thượng nguồn đổ về đã đẩy lùi phạm vi hoạt động của các sóng triều ra biển, mùa này sự xâm nhập mặn vào nội đồng là thấp nhất. Ngược lại, trong mùa khô lượng nước thượng nguồn về ít, sóng triều lấn át truyền sâu vào nội đồng. Mặn ảnh hưởng vào nội đồng là lớn nhất.

Đồng bằng sông Cửu Long có hệ thống kênh rạch chằng chịt, ăn thông ra biển với các con sông lớn: sông Tiền, sông Hậu chảy qua đồng bằng đổ ra biển bằng chín cửa có độ rộng từ vài trăm mét đến vài km. Sông Vàm Cỏ Đông và sông Vàm Cỏ Tây (qua Đồng Tháp Mười) đổ ra biển. Những điều kiện về địa hình, địa lý tự nhiên như vậy tạo điều kiện thuận lợi cho sự truyền triều - xâm nhập mặn sâu vào nội đồng. Ngoài yếu tố địa hình, địa lý tự nhiên, gió chướng (hoạt động từ tháng 11 đến tháng 4 năm sau, mạnh nhất vào tháng 2 và tháng 3), gió mùa Tây Nam, lượng mưa, lượng nước thượng nguồn từ sông Mê Công và cả các hoạt động của con người góp phần đến gia tăng sự xâm nhập mặn vào nội đồng.

Những hậu quả của quá trình xâm nhập mặn sâu vào nội đồng: Gây hạn nói chung với phạm vi ngày càng rộng hơn, trước hết là cho lúa đông xuân bởi vì không thể lấy nước ở kênh rạch để tưới.

Nước mặn tràn lên đồng ruộng sẽ làm chết hàng loạt trên những cánh đồng ruộng lớn. Thậm chí ngay cả khi độ mặn còn thấp hơn 1% cũng có thể làm giảm năng suất cây trồng, hoa màu, cây ăn trái và nuôi trồng thủy sản. Nước mặn tràn vào các ao, đìa nuôi thủy sản nước ngọt, sẽ làm giảm năng suất hoặc thất thu hoàn toàn. Ngay cả đối với ao nuôi tôm nước mặn, nếu độ mặn cao quá cũng làm giảm năng suất tôm.

Gây khó khăn trong cấp nước sinh hoạt: Ở các vùng dân cư, nước ngọt trên các sông là nguồn nước sinh hoạt duy nhất, khi nước mặn xâm nhập sẽ gây ra thiếu nước.

Khô hạn kéo dài, ít mưa cũng góp phần làm xâm nhập mặn sâu hơn. Năm 2005, tình trạng xâm nhập mặn sớm, xâm nhập sâu, độ mặn cao và thời gian duy
30

---

<!-- Page 29 to 30 -->
trì dài xảy ra phổ biến ở làm các tỉnh Đồng bằng sông cửu long. Trên sông Tiền, sông Hàm Luông, sông Cổ Chiên mức độ nhập mặn đã tiến sâu vào phạm vi 60-80 km. Còn trên tuyến sông Hậu, nhập mặn cũng vào sâu 60-70 km. Riêng các dòng sông chính như Vàm Cỏ Tây, Vàm Cỏ Đông độ mặn đã xâm nhập sâu tới mức kỷ lục 120-140km. Tại Long An, thiệt hại lên tới 16 tỉ đồng, 14.693 ha mía của tỉnh giảm năng suất từ 5-10%; 1.093 hecta lúa ở huyện Đức Hòa đã chết trắng, do bị nhiễm mặn. Tỉnh Sóc Trăng thiệt hại 46 tỉ đồng do 16.500 ha bị hạn, mặn... Hậu Giang có diện tích nhập mặn là 9.000 ha, thiệt hại 11,4 tỉ đồng. Tại các huyện Cần Đước, Cần Giuộc thiếu nước ngọt đang ở mức trầm trọng, hàng nghìn hộ dân thiếu nước sinh hoạt ở các các tỉnh Tiền Giang, Cà Mau.

Tại một số khu vực ở ven biển miền Trung, việc sử dụng nước ngầm để điều chỉnh độ mặn trong các vùng nuôi tôm rộng lớn cũng như sử dụng lãng phí nước trong sinh hoạt đã dẫn đến sự suy giảm nghiêm trọng nguồn nước ngầm. Đối với một số khu vực ở miền Bắc, nguy cơ ngập khi nước biển dâng cao không lớn so với miền Trung và miền Nam, song các tầng nước ngầm cũng có thể bị nhiễm mặn, quá trình này đặc biệt quan trọng với các dạng địa tầng đá vôi bởi sự xâm thực nước mặn sẽ trở nên rộng và sâu hơn.

Đối với khu vực ven biển Đồng bằng sông Hồng, tưới tiêu mang tính chất thuỷ lợi vùng triều. Về mùa mưa, nước ngọt xuống gần cửa sông, khi thuỷ triều lên rất thuận lợi cho việc lấy nước tưới. Mùa khô, lưu lượng và mực nước sông giảm, nước mặn lấn sâu vào nội địa. Sau cơn bão số 7 năm 2005, tỉnh Thanh Hóa và tỉnh Nam Định đã phải đối mặt với tình trạng 7.600 ha đất nhiễm mặn. Dưới đây là số liệu khảo sát của Viện Khoa học Thuỷ lợi Việt Nam, đỉnh mặn lớn nhất ở các sông 4 sông lớn đại diện cho hệ thống sông Hồng và sông Thái Bình gồm song: Đáy, Ninh Cơ, Hồng và Trà Lý tháng 12/2007.

Một ảnh hưởng lớn khác là triều cường dâng cao tại vùng Đồng bằng sông cửu long. Ngập do triều cường tại Tp. Hồ Chí Minh diễn ra ngày càng trầm trọng do quá trình đô thị hóa phát triển nhanh, cộng với mực nước biển có xu hướng ngày càng dâng cao. Từ năm 1990 đến nay, chỉ số mực nước triều tại 7 trạm đo ở Tp. Hồ Chí Minh liên tục tăng lên. Trong khi đó, hầu hết các dự án chống ngập mà Tp. Hồ Chí Minh đang thực hiện đều không tính đến việc chống ngập do triều cường. Theo số liệu từ Đài khí tượng thủy văn Nam Bộ, đợt triều cường cuối tháng 10/2007 trên thực tế cao hơn mức dự báo. Đỉnh triều trong hai ngày 27- 28/10/2007 đã lên đến 1,48-1,50m, cao kỷ lục lần đầu tiên trong vòng 48 năm qua. Triều cường làm nhiều tuyến đê bị vỡ, thiệt hại hàng chục ha diện tích mặt nước thả cá, nuôi tôm sú và hàng trăm hécta cây cảnh, cây nông nghiệp, nhiều tuyến đường bị ngập sâu.

31

Bão và nước dâng do bão: Việt Nam có lịch sử lâu dài đối phó với thiên tai và có nhiều biện pháp ứng phó khi có thiên tai xảy ra. Tuy nhiên, trong những năm gần đây từ 2001 cho đến nay, do biến đổi kjí hậu thời tiết có những diễn biến thất thường, thiên tai xảy ra dồn dập, cường độ ác liệt hơn.

Bão là hiện tượng thời tiết nguy hiểm bậc nhất ở Việt Nam. Hàng năm có gần 10 cơn bão hoạt động trên biển Đông, trong đó có khoảng 3-5 cơn bão ảnh hưởng trực tiếp đến Việt Nam gây ra những thiệt hại lớn về người và tài sản. Năm 2006 là năm điển hình về tần suất bão đổ bộ vào Việt Nam. Nhiều cơn bão xuất hiện với cường độ mạnh và có hướng di chuyển tương đối phức tạp. Những vùng chịu ảnh hưởng nhiều nhất của bão là các tỉnh ven biển miền Bắc và miền Trung.

Bão thường kết hợp với hiện tượng nước dâng do bão, tạo thành gió và sóng do gió. Gió bão mạnh sẽ tạo ra sóng lớn và sóng này làm tăng cao mực nước biển nhiều hơn tác dụng của gió tại vùng ven bờ. Trong thời gian 30 năm qua, người ta ghi nhận được có một nửa số trong số các cơn bão đổ bộ vào Việt Nam đã làm dâng cao mực nước trên 1 mét và có 11% số cơn bão làm dâng cao mực nước biển trên 2 mét. Một số trường hợp rất đặc biệt, bão có thể tạo thành nước dâng cao đến vài mét. Ở một số vùng ven biển, nguồn cung cấp bùn cát thông thường giảm và hệ quả là bão thường tạo nên sóng và làm cho đường bờ biển hạ thấp đi một cách nhanh chóng, làm cho nước dâng do bão gây ra xâm nhập sâu hơn vào đất liền.

Cơn bão số 9 có tên quốc tế là Durian đổ bộ vào đất liền nước ta từ sáng 04/12/2006. Theo thống kê sau hơn một ngày tàn phá tại vùng biển và đất liền Nam Trung bộ Việt Nam, cơn bão đã cướp đi sinh mạng và làm mất tích trên 70 người, hàng nghìn người bị thương cùng hàng trăm tàu thuyền bị nhấn chìm, hàng nghìn công trình dân dụng bị tốc mái, sập đổ, hư hỏng nặng. Nước dâng do bão Durian gây ra lớn, khoảng 0,3-0,7m.

Bão số 6 (Xangsane) đổ bộ vào Đà Nẵng tháng 9/2007 là một trong những cơn bão mạnh nhất trong khoảng 20 năm qua. Bão đã làm mực nước dâng trên diện rộng, dọc khu vực ven biển từ Quảng Bình đến Đà Nẵng, đặc biệt là ở khu vực ven biển tỉnh Thừa Thiên Huế. Tại tỉnh Thừa Thiên-Huế (khu vực Vĩnh Tu) mức nước dâng cao tới 2,18m, tại tỉnh Quảng Bình, tại tỉnh Quảng Trị (Lệ Thuỷ-Triệu Phong) là 1,78m.

Nước biển dâng cao ngoài ảnh hưởng của bão còn do nguyên nhân sóng thần. Hiện nay, Việt Nam vẫn chưa có hệ thống quan trắc sóng thần nên chưa ghi nhận được thông tin nào về sóng thần ở vùng biển nước ta. Khu vực biển Đông nằm kế cận với hai đới động đất mạnh trên thế giới là vành đại động đất Thái

32

---

<!-- Page 31 to 32 -->
Bình Dương và Địa Trung Hải xuyên Á. Tuy nhiên, dải ven biển nước ta nằm khác xa với nguồn gây sóng thần. Với khoảng cách 1.200km từ vùng nguồn tới ven biển Nam Trung Bộ và xa hơn nữa đối với các vùng dân cư thuộc đồng bằng sông Hồng và thì thời gian truyền sóng thần đủ để giảm nhẹ tốn thất và người và tài sản.

Nguy cơ sạt lở: Hầu hết bờ biển nước ta đang bị xói lở với cường độ từ vài mét tới hàng chục mét mỗi năm và có xu hướng gia tăng mạnh trong một thập niên gần đây. Xu hướng dâng lên của mực nước biển trong những năm gần đây cũng góp phần gây ra sụt lở mạnh hơn. Sự tăng dòng chảy sông cũng là một nguyên nhân gây xói lở, nhưng thường chỉ xảy ra vào mùa mưa và chỉ ảnh hưởng ngắn hạn.

Ngoài các nguyên nhân do tự nhiên, tác động của con người trong việc làm tăng thiệt hại do xói lở cũng khá rõ ràng. Bờ biển nước ta dài hơn 3.000 km, song chỉ có 2.800 km đê biển, trong đó có 1.400 km đê trực tiếp với biển và khoảng 1.400 km đê cửa sông. Tuy nhiên, hệ thống đê ở nước ta hầu hết đê được đắp bằng đất (như đê lấn biển, ngăn mặn), do dân tự xây dựng hoặc đê bê tông cốt thép do Nhà nước xây dựng. Trong số trên có nhiều đoạn đê đã yếu hoặc xây dựng bằng các vật liệu có chất lượng kém và sử dụng các biện pháp xây dựng thủ công không phù hợp. Điều này dẫn tới các đoạn đê đó thường bị mối, đe doạ sạt lở và thẩm thấu qua chân công trình. Dọc theo các đồng bằng ven biển miền Trung, hệ thống đê biển được xây dựng để bảo vệ cho người dân địa phương chống lại các hiện tượng bất thường như bão. Những hệ thống này có vai trò thiết yếu đối với nền nông nghiệp. Vì lý do nào đó mà các con đê này không ngăn được nước biển tràn vào hoặc bị vỡ thì ruộng đồng sẽ bị nước biển làm cho nhiễm mặn và không thể gieo trồng được trong nhiều năm. Tại nhiều tuyến đê, rừng ngập mặn còn bị phá huỷ để nuôi tôm, chặt cây lấy gỗ hoặc tàn phá do chất độc hóa học, người dân lấn chiếm mặt đê để làm vườn, xây nhà. Chính các hoạt động này đã góp phần tạo điều kiện cho các hoạt động xói lở bờ biển diễn ra mạnh mẽ hơn.

Đối với châu thổ sông Hồng, trước khi đạt đến trạng thái hiện nay, châu thổ này được bồi tụ trong một vịnh khá kín và có thuỷ triều biến độ lớn. Trên bình diện chung, châu thổ sông Hồng do sông thống trị, vai trò của thuỷ triều ở vị trí thứ hai và sông ở vị trí thứ ba. Gần một thế kỷ qua, châu thổ sông Hồng bồi lấn ra biển trung bình 28m/năm, có nơi 100-120m/năm như ở cửa Ba Lạt và cửa Đáy. Tuy nhiên, khoảng một phần năm chiều dài bờ châu thổ sông Hồng đang bị xói lở mạnh, tiêu biểu là đoạn Hải Hậu dài 17 km bị xói lở với tốc độ 10-15m/năm
33
trong nhiều năm qua.

Môi trường ven bờ châu thổ sông Cửu Long có triều thống trị, độ lớn triều trung bình 2,5m, cực đại 3m và độ cao sóng trung bình 0,9m. Tốc độ bồi lấn của châu thổ khoảng 45m/năm trước 2500 năm và 20-30m/năm sau 2500 năm. Tại mũi Cà Mau, tốc độ lấn biển tới 150m/năm. Tuy nhiên, trong những năm gần đây, các nhà nghiên cứu môi trường Việt Nam cảnh báo, mũi Cà Mau - nơi vẫn được xem là có tốc độ lấn ra biển nhanh nhất nước ta đã và đang có biểu hiện bị xói lở khá mạnh. Tại khu du lịch Đồi Dương ở TP. Phan Thiết, tỉnh Bình Thuận, nhiều năm nay cũng đã xảy ra tình trạng xói lở liên tục với tốc độ khoảng 10m/năm, đoạn Bồ Đề bị xói lở với tốc độ 30-50m/năm trên chiều dài 36km trong nhiều năm.

Hiện tượng ngập úng ở vùng châu thổ mở rộng vào mùa mưa lũ, các dòng sông tăng cường xâm thực ngang, gây sạt lở lớn ở các vùng dân cư tập trung hai bờ trên nhiều khu vực từ Bắc vào Nam. Ở các vùng ven biển đã thấy rõ hiện tượng vùng ngập triều cửa sông mở rộng hình phễu trên diện rộng, nhất là ở hạ du các hệ thống sông nghèo phù sa như các hệ thống sông Thái Bình, Bạch Đằng, ven biển tỉnh Hải Phòng, tỉnh Quảng Ninh và hệ thống sông Đồng Nai ở vùng ven biển tỉnh Bà Rịa-Vũng Tàu và Tp. Hồ Chí Minh. Tại trạm Vũng Tàu, các nhà khoa học tính toán rằng, trong khoảng 50 năm qua, mực nước biển đã dâng lên 160 mm. Đây là nguyên nhân quan trọng khiến nhiều nơi tại Tp. Hồ Chí Minh bị ngập nước khi triều cường, vừa làm cho mức độ xói lở bờ biển mạnh hơn. Xu hướng này sẽ còn tiếp tục với phạm vi rộng hơn trong những năm tới.

Theo báo cáo của Viện Khoa học thủy lợi miền Nam trình bày tại Hội nghị đánh giá về thực trạng đê biển từ tỉnh Quảng Ngãi đến Kiên Giang do Bộ Nông nghiệp và Phát triển Nông thôn (NN&PTNT) tổ chức ngày 24/3/2008: Bờ biển từ tỉnh Quảng Ngãi đến Bình Thuận hiện bị sóng biển xâm thực khá mạnh, nhiều khu vực có tốc độ sạt lở bờ biển từ 15-30m/năm. Dải ven biển Đông từ tỉnh Bà Rịa - Vũng Tàu đến mũi Cà Mau tỉnh Cà Mau cũng có một số đoạn bị sạt lở làm cho thảm rừng ngập mặn nhiều nơi bị thu hẹp dần, thậm chí có đoạn không còn rừng phòng hộ. Trong khi đó, hệ thống đê biển để bảo vệ đất liền lại đang xuống cấp nghiêm trọng. Còn trên các tuyến đê biển của miền bắc từ năm 2005 đến nay, đã có tới 165 vị trí sạt lở có chiều dài 252 km. Tình trạng sạt lở trong thời gian qua đang đe dọa trực tiếp đến an toàn đê điều, các khu vực thành phố, thị xã và các khu tập trung dân cư...

Đa dạng sinh học và hệ sinh thái: Đối với nước ta, mực nước biển dâng sẽ làm mất đi một vùng đất thấp rộng lớn/các hệ sinh thái đất ngập nước của các
34

---

<!-- Page 33 to 34 -->
đồng bằng lớn nhất cả nước. Đây cũng là nơi sinh sống của các cộng đồng dân cư lâu đời (hiện có tỉ lệ đói nghèo cao), vùng có tiềm năng sản xuất nông nghiệp lớn nhất và các sinh cảnh tự nhiên của nhiều loài bản địa bao gồm cả các khu bảo tồn thiên nhiên, sinh quyển.

Từ lâu ở Đồng bằng sông Cửu Long đã hình thành và phát triển các hệ sinh thái tự nhiên rừng Tràm U Minh, hệ sinh thái rừng ngập mặn ven biển, hệ sinh thái nông nghiệp. Tại đây có nhiều khu bảo tồn thiên nhiên, vườn chim, sân chim... rất hấp dẫn cho du lịch sinh thái. Đặc biệt, hệ sinh thái rừng ngập mặn ở các tỉnh Cà Mau, tỉnh Kiên Giang, tỉnh Bạc Liêu, tỉnh Sóc Trăng, tỉnh Trà Vinh, tỉnh Bến Tre... Ngoài vai trò sản xuất nông nghiệp và thuỷ sản, các vùng đất ngập nước còn đóng vai trò quan trọng trong thiên nhiên và môi trường như lọc nước thải, điều hoà dòng chảy (giảm lũ lụt và hạn hán), điều hoà khí hậu địa phương, chống xói lở bờ biển (do hệ thống rễ chằng chịt, có tác dụng giảm năng lượng sóng), ổn định mức nước ngầm cho những vùng sản xuất nông nghiệp, tích luỹ nước ngầm, là nơi trú chân của nhiều loài chim di cư quý hiếm, là nơi giải trí, du lịch rất giá trị... Các vùng này đã và đang đóng vai trò quan trọng trong công cuộc phát triển kinh tế và xã hội. Kết quả nghiên cứu năm 2007 cho thấy, trong cơn bão lớn năm 2005, một số rừng ngập mặn được trồng có các thành phần khác nhau có tác dụng làm giảm sóng bão kết hợp với triều cường, bảo vệ đê biển và bờ biển rất có hiệu quả. Cơn bão số 2 (31/12/2005) với sức gió cấp 10 (89 - 102 km/h) đã phá vỡ đê bằng bê tông kiên cố Cát Hải (Hải Phòng), nhưng tuyến đê làm bằng đất ở xã Bằng La, huyện Đồ Sơn nhờ có rừng ngập mặn bảo vệ nên vẫn an toàn. Năng lượng sóng khi vượt qua rừng đã làm giảm 77 - 83% vào các thời điểm khác nhau trong ngày mưa bão. Cũng tại khu vực này, khi cơn bão số 7 (27/9/2005) với sức gió cấp 12 (118 - 133 km/h) năng lượng sóng đã giảm từ 85 - 87% khi xuyên qua rừng. Hệ số suy giảm sóng trong cơn bão số 7 sau khu rừng bần là 77 - 83%.

Biến đổi khí hậu và mực nước biển dâng cao đe dọa nhiều nhất đến các hệ sinh thái vùng ven bờ như hệ sinh thái đất ngập nước, rừng ngập mặn, cỏ biển và rạn san hô. Mực nước biển dâng cao do biến đổi khí hậu chắc chắn sẽ tác động mạnh đến các hệ sinh thái này do làm thay đổi thành phần của trầm tích, độ mặn của nước và mức độ ô nhiễm. Theo đánh giá của Ngân hàng thế giới (WB) đối với các sinh cảnh tự nhiên quan trọng ở Việt Nam, dựa trên những kịch bản nước biển dâng trong bản đồ các sinh cảnh tự nhiên chủ chốt, cứ 1m nước biển dâng lên có thể ảnh hưởng tới 78 (27%) sinh cảnh tự nhiên ở những mức độ nhất định, bao gồm 46 (33%) khu bảo tồn, 9 (23%) các vùng có đa dạng sinh học chủ chốt và 23 (21%) khu vực cả bảo tồn và sinh cảnh chủ chốt. Độ lớn của những tác động tiềm tàng này đang tăng lên từ 1/4 đến 1/3 tất cả các vùng sinh cảnh tự nhiên then

35

chốt ở Việt Nam có thể bị tác động bởi mực nước biển dâng. Những khu vực này bao gồm phần lớn các khu bảo tồn và đề nghị bảo tồn hiện nay của Việt Nam vì các khu bảo tồn này thương tập trung trên các đảo và khu vực bờ biển. Thậm chí mực nước biển dâng cao 1m cũng sẽ tác động đến hầu hết các sinh cảnh tự nhiên then chốt. Rõ ràng là đa dạng sinh học Việt nam đang phải đối mặt với cuộc khủng hoảng khi nước biển dâng. Không chỉ ở các vùng ven biển, các tác động khi nước biển dâng sẽ kéo dài từ Đồng bằng sông Cửu Long qua Việt Nam sang tới Campuchia và đi sâu 180 km vào đất liền. Ở miền Bắc, lớp địa tầng đá vôi ngâm nước sâu rộng khiến cho nước mặn xâm nhập vào sâu trong đất liền như Khu bảo tồn thiên nhiên Vân Long ở Ninh Bình và một số nơi khác. Điều đó sẽ ảnh hưởng xấu tới đa dạng sinh học, nhiều loài có ý nghĩa kinh tế và khoa học chết hoặc di cư, mất nguồn cung cấp thực phẩm.

Ngoài những ảnh hưởng đến suy giảm đa sinh học, nguy cơ nhấn chìm và phá huỷ cơ sở hạ tầng và suy giảm tiềm năng du lịch ở các vùng ven biển cũng là một vấn đề quan trọng. Hiện nay, du lịch là ngành kinh tế mũi nhọn ở nước ta, với hàng triệu người tham gia và kiếm sống nhờ du lịch. Biến đổi khí hậu mà hệ quả là nước biển dâng cao cao sẽ nhấn chìm và phá huỷ cơ sở hạ tầng du lịch, từ đó làm giảm lượng khách tìm đến và ảnh hưởng trực tiếp đến sinh kế của hàng triệu người, trong đó đa phần là người nghèo. Theo số liệu của Ủy ban nhân dân huyện Giao Thuỷ, Nam Định, kể từ cơn bão số 5 năm 2005 đến năm đầu năm 2008, tại khu vực bờ biển Bạch Long - Giao Thủy và Khu du lịch thị trấn Quất Lâm mực nước biển đã dâng lên 20cm. Trước năm 2005, mực nước biển hầu như không tăng, thế nhưng từ năm 2005, biểu mực nước biển dâng lên rõ rệt. Đặc biệt, mỗi lần thủy triều lên, mực nước dâng cao tràn qua đường khu du lịch ở thị trấn Quất Lâm, chính quyền địa phương đã phải tổ chức tôn cao đường trong khu du lịch từ 20 - 50cm và xây bờ chắn sóng. Hậu quả của mực nước dâng cao 20cm đã phá hủy toàn bộ môi trường và cây cối trong khu vực, ảnh hưởng đến quá trình phát triển kinh tế, du lịch và môi trường của huyện.

Theo kịch bản phân tích đối với biến đổi khí hậu. Kết quả tính toán dự báo thể hiện thông qua bảng 1 dưới đây cho thấy nếu mực nước biển dâng caothêm 1m sẽ có 10,8 triệu người ở đồng bằng sông Cửu Long và đồng bằng sông Hồng chịu ảnh hưởng, có khoảng 10,21% GDP, 7,14% diện tích đất nông nghiệp, 28,67% diện tích đất ngập nước và 10,74% diện tích đô thị sẽ bị ảnh hưởng.

Ngành nông nghiệp cũng sẽ chịu ảnh hưởng trực tiếp của biến đổi khí hậu. Do nhiệt độ tăng cao, vùng trồng cây nhiệt đới có xu hướng di chuyển về phía

36

---

<!-- Page 35 to 36 -->
Bắc. Vùng trồng cây ôn đới có xu hướng giảm về diện tích. Hạn hán và lũ lụt góp phần gây ảnh hưởng đến diện tích canh tác.

Ngành lâm nghiệp bị ảnh hưởng do diện tích rừng ngập mặn bị thu hẹp bởi nước biển dâng. Đa dạng sinh học giảm do các loài kém chịu hạn hán, ngập lụt có xu hướng bị tuyệt chủng, các loài có khả năng chống chịu hạn hán, ngập lụt sẽ phát triển. Bên cạnh đó cháy rừng và sâu bệnh sẽ ảnh hưởng đến ngành lâm nghiệp.

Đối với nước ta, mực nước biển dâng sẽ làm mất đi một vùng đất thấp rộng lớn - các hệ sinh thái đất ngập nước của các đồng bằng lớn nhất cả nước – nơi ở của các cộng đồng dân cư lâu đời, cái nôi của nền văn minh lúa nước, vùng có tiềm năng sản xuất nông nghiệp lớn nhất và các sinh cảnh tự nhiên của nhiều loài bản địa bao gồm cả các vườn quốc gia, khu bảo tồn thiên nhiên, khu dự trữ sinh quyển.

Nếu nhiệt độ tăng 20C, mực nước biển dâng 1m, có thể làm mất 12,2% diện tích đất là nơi cư trú của 23% dân số (khoảng 17 triệu người).

Ở đồng bằng sông Cửu Long, nếu mực nước biển dâng như dự báo vào năm 2030 sẽ khiến khoảng 45% diện tích đất của khu vực này có nguy cơ bị nhiễm mặn nặng, mùa màng bị thiệt hại nghiêm trọng do lũ lụt và úng. Nếu mực nước biển dâng 1m, mà không có các hoạt động ứng phó, phần lớn diện tích Đồng bằng sông Cửu Long sẽ hoàn toàn bị ngập nhiều thời gian trong năm, với thiệt hại tài sản ước tính lên tới 17 tỉ USD.

Bảng 6: Tóm tắt tác động tiềm năng của biến đổi khí hậu tới các vùng/lĩnh vực
(Nguồn: Bộ TN&MT, 2008)

| Tác động của BĐKH | Vùng dễ bị tổn thương/ ảnh hưởng | Ngành, lĩnh vực dễ bị tổn thương |
|---|---|---|
| Sự gia tăng nhiệt độ | Vùng núi: Đông Bắc, Tây Bắc và Bắc Trung Bộ Đồng bằng Bắc Bộ | Sản xuất nông nghiệp (trồng trọt, chăn nuôi, thủy sản và nghề cá) Các hệ sinh thái tự nhiên, đa dạng sinh học Năng lượng (sản xuất và tiêu thụ) Tài nguyên nước Sức khỏe cộng đồng, tăng nguy cơ phát tán các bệnh dịch Nguy cơ cháy/ cháy rừng |
| Nước biển dâng và Xâm nhập mặn | Dải ven biển (bao gồm cả đồng bằng châu thổ và các vùng đất ngập nước: đồng bằng và duyên hải Bắc Bộ, ĐB sông Cửu Long, duyên hải Trung Bộ) Hải đảo | Sản xuất nông nghiệp (trồng trọt, chăn nuôi, thủy sản và nghề cá) Các hệ sinh thái biển và ven biển Tài nguyên nước (nước mặt, nước ngầm) Nơi cư trú Năng lượng Cơ sở hạ tầng, khu công nghiệp Sức khỏe cộng đồng |
| Lũ lụt, tiêu thoát nước và sạt lở đất | Dải ven biển (bao gồm cả đồng bằng châu thổ và các vùng đất ngập nước: đồng bằng và duyên hải Bắc Bộ, Đồng bằng sông Cửu Long, duyên hải Trung Bộ) Vùng núi: Tây Bắc, Đông Bắc, Bắc Trung Bộ và Tây Nguyên | Sản xuất nông nghiệp (trồng trọt, chăn nuôi, thủy sản và nghề cá) Tài nguyên nước (nước sinh hoạt và phục vụ công nghiệp) Cơ sở hạ tầng Nơi cư trú Giao thông vận tải Sức khỏe và đời sống |
| Bão và áp tháp nhiệt đới | Dải ven biển (bao gồm cả đồng bằng châu thổ và các vùng đất ngập | Nông nghiệp (trồng trọt, chăn nuôi, thủy sản và nghề cá) |

Trong những năm gần đây, nghiên cứu ảnh hưởng của biến đổi khí hậu cũng đã chỉ ra nhiều vấn đề cần phải lưu tâm, chẳng hạn năm 2017 là năm có số lượng các cơn bão ảnh hưởng tới nước ta nhiều bất thường (16 cơn bão), theo tính toán của Ban chỉ đạo trung ương về phòng chống thiên tai và tổng cục thống kê thiệt hại khoảng 38,7 nghìn tỉ đồng tương đương 2,7 tỉ USD.","Nếu nước biển dâng 1m, ước tính khoảng 39% diện tích ĐBSCL, trên 10% diện tích ĐBSH và nhiều dải đồng bằng ven biển miền Trung sẽ bị ngập lụt, đe dọa sinh kế của hàng chục triệu người dân và gây nhiễm mặn sâu các vùng sản xuất nông nghiệp trọng điểm.",9b5c5c224289412b880a70c4de27e23d.md,risk_assessment_mapping,Dự báo tác động nước biển dâng 1m ở Việt Nam,medium,"nước biển dâng 1m, ngập lụt ĐBSCL 39%, ĐBSH, nhiễm mặn, biến đổi khí hậu"
TERRA_QA_081,Địa hình và khí hậu dải đất miền Trung có những đặc điểm tự nhiên nổi bật nào ảnh hưởng trực tiếp đến chế độ thiên tai mưa bão?,"Miền Trung, dải đất hẹp trải dài trên 10 vĩ độ, gồm 18 tỉnh từ Thanh Hóa đến Bình Thuận với trên 1.000 km bờ biển. Phần lớn diện tích nằm ở sườn phía đông dốc đứng của dãy Trường Sơn, đồng bằng ven biển bị chia cắt thành nhiều đoạn ngắn bởi những dãy núi ngang, nhô ra sát biển (đèo Ngang, Hải Vân, Cù Mông, Cả...) và Tây Nguyên có độ cao phổ biến trên 1.000 m. Địa hình rất phức tạp, bị chia cắt mạnh.

Khí hậu miền Trung bị phân hoá mạnh và có những nét độc đáo, khác biệt nhau ở mỗi khu vực ngay khi chịu tác động của cùng một hình thế thời tiết. Nổi bật là sự dịch chuyển mùa mưa bão lũ theo không gian. Mùa mưa bão lũ thường bắt đầu từ tháng VII và kết thúc vào tháng XI, tháng XII với tần suất hoạt động của bão lớn nhất trong cả nước.","Miền Trung là dải đất hẹp trải dài trên 10 vĩ độ gồm 18 tỉnh từ Thanh Hóa đến Bình Thuận với hơn 1.000 km bờ biển. Phần lớn diện tích nằm ở sườn phía đông dốc đứng của dãy Trường Sơn, đồng bằng ven biển bị chia cắt thành nhiều đoạn ngắn bởi các dãy núi ngang nhô ra sát biển (đèo Ngang, Hải Vân, Cù Mông, Cả...) và Tây Nguyên có độ cao phổ biến trên 1.000 m. Địa hình rất phức tạp, bị chia cắt mạnh. Khí hậu phân hóa mạnh và có nét độc đáo khác biệt ở mỗi khu vực, nổi bật là sự dịch chuyển mùa mưa bão lũ theo không gian (thường bắt đầu từ tháng VII và kết thúc vào tháng XI, tháng XII với tần suất bão lớn nhất cả nước).",a3515bb7de4f407c999b38eaad2be279.md,risk_assessment_mapping,Đặc điểm địa hình và khí hậu miền Trung,medium,"địa hình, khí hậu, Trường Sơn, miền Trung, phân hóa, mùa bão lũ"
TERRA_QA_082,Đặc điểm mạng lưới sông ngòi miền Trung như thế nào và tại sao khu vực này lại có tần suất cao về lũ lớn và lũ quét khốc liệt?,"Miền Trung có trên 740 sông với chiều dài mỗi sông trên 10 km, trong đó có 26 sông với diện tích lưu vực trên 500 km². Mạng lưới sông khá dày. Đa số các lưu vực sông đều nhỏ, 4 hệ thống sông lớn là sông Mã, Cả, Thu Bồn, Ba. Sông thường ngắn, rất dốc, rừng đầu nguồn bị huỷ hoại nặng, khả năng điều tiết dòng chảy kém, nên miền Trung là nơi có tần suất cao về lũ lớn, lũ quét với sức tàn phá ghê gớm.

Thiên tai mưa, bão, lũ thường xảy ra, ít nhất cũng ở một vài tỉnh, nhiều nhất có thể xảy ra trên toàn miền như năm 1964, 1970, 1975, 1985, 1996. Thủy tai tại miền Trung xảy ra ngày càng thường xuyên hơn, trầm trọng hơn, thiệt hại ngày càng lớn hơn.","Miền Trung có mạng lưới sông khá dày với trên 740 sông dài trên 10 km (trong đó có 26 sông có diện tích lưu vực trên 500 km² và 4 hệ thống sông lớn là sông Mã, Cả, Thu Bồn, Ba). Đa số các lưu vực sông đều nhỏ, sông ngắn và rất dốc, kết hợp với rừng đầu nguồn bị hủy hoại nặng dẫn đến khả năng điều tiết dòng chảy kém. Do đó, miền Trung có tần suất cao về lũ lớn và lũ quét với sức tàn phá dữ dội, đồng thời thủy tai xảy ra ngày càng thường xuyên và trầm trọng hơn.",a3515bb7de4f407c999b38eaad2be279.md,typhoon_flood,Mạng lưới sông ngòi và nguy cơ lũ quét miền Trung,medium,"sông ngòi, miền Trung, sông dốc, lũ lớn, lũ quét, rừng đầu nguồn"
TERRA_QA_083,"Theo số liệu thống kê, tỷ lệ bão và áp thấp nhiệt đới ảnh hưởng đến miền Trung chiếm bao nhiêu phần trăm cả nước và phân bố giữa các khu vực ra sao?","Theo số liệu thống kê nhiều năm, miền Trung là khu vực chịu ảnh hưởng nhiều nhất của bão và áp thấp nhiệt đới, chiếm tới 65% số bão ảnh hưởng đến Việt Nam. Trung bình hàng năm có 4 cơn bão và 4 ATNĐ ảnh hưởng đến khu vực miền Trung. Phân bố số cơn bão đổ bộ hàng năm vào các khu vực ở miền Trung như sau:

| Khu vực | Tỷ lệ |
| :-------------------------------- | :---- |
| Từ Thanh Hoá đến Hà Tĩnh         | 31,1% |
| Từ Quảng Bình đến Thừa Thiên - Huế | 26,2% |
| Từ Đà Nẵng đến Bình Định         | 20,4% |
| Từ Phú Yên đến Bình Thuận        | 22,3% |

Khu vực Thanh Hóa đến Thừa Thiên - Huế bị ảnh hưởng nhiều nhất của bão (57,3%).","Theo thống kê nhiều năm, miền Trung là khu vực chịu ảnh hưởng nhiều nhất của bão và áp thấp nhiệt đới (ATNĐ), chiếm tới 65% số bão ảnh hưởng đến Việt Nam (trung bình hàng năm có 4 cơn bão và 4 ATNĐ). Phân bố bão đổ bộ hàng năm gồm: Thanh Hoá đến Hà Tĩnh chiếm 31,1%; Quảng Bình đến Thừa Thiên - Huế chiếm 26,2%; Đà Nẵng đến Bình Định chiếm 20,4%; Phú Yên đến Bình Thuận chiếm 22,3%. Trong đó khu vực từ Thanh Hóa đến Thừa Thiên - Huế chịu ảnh hưởng nhiều nhất với 57,3%.",a3515bb7de4f407c999b38eaad2be279.md,typhoon_flood,Thống kê tần suất và phân bố bão lũ miền Trung,hard,"thống kê bão, áp thấp nhiệt đới, tỷ lệ 65%, Thanh Hóa, Huế, phân bố bão"
TERRA_QA_084,Tác động tổ hợp của các hình thế thời tiết (bão/ATNĐ kết hợp không khí lạnh) đã gây ra các trận mưa lũ lịch sử điển hình nào tại miền Trung?,"Chính tác động tổ hợp của các hình thế thời tiết này mới gây mưa lũ
lớn lịch sử ở các triền sông. Bão Nancy chiều 22.IX.1979 đổ bộ vào Quảng
Trị - Nam Quảng Bình gây mưa rất to: lưu vực sông Gianh mưa trên 700mm,
Kiến Giang - trên 1000mm; tại Vĩnh Linh - trên 800mm, Trường Sơn -
1419mm, Kiến Giang - 1242mm; lũ sông Kiến Giang đạt mức lịch sử, vùng
Lệ Ninh ngập úng kéo dài 15-20 ngày. ATNĐ đổ bộ vào Phú Yên ngày
29.X.1983 kết hợp với KKL gây mưa lớn từ Hà Tĩnh đến Khánh Hoà: mưa rất
to ở Quảng Trị đến Quảng Nam; tại Huế, lượng mưa 3 ngày 30.X-1.XI là
1217mm, gây lũ lụt lịch sử (đỉnh lũ là 5,85m kéo dài trong 11h) trên sông
Hương.","Tác động tổ hợp của các hình thế thời tiết gây mưa lũ lớn lịch sử điển hình như: Bão Nancy chiều 22/9/1979 đổ bộ vào Quảng Trị - Nam Quảng Bình gây mưa rất to (lưu vực sông Gianh >700mm, Kiến Giang >1000mm, Trường Sơn 1419mm), lũ sông Kiến Giang đạt mức lịch sử và vùng Lệ Ninh ngập úng 15-20 ngày. Đợt ATNĐ đổ bộ Phú Yên ngày 29/10/1983 kết hợp không khí lạnh gây mưa lớn từ Hà Tĩnh đến Khánh Hoà, tại Huế mưa 3 ngày đạt 1217mm gây đỉnh lũ lịch sử 5,85m kéo dài suốt 11 giờ trên sông Hương.",a3515bb7de4f407c999b38eaad2be279.md,typhoon_flood,Tổ hợp hình thế thời tiết cực đoan gây lũ lịch sử,hard,"tổ hợp thời tiết, không khí lạnh, bão Nancy, sông Gianh, sông Hương, lũ lịch sử"
TERRA_QA_085,Những đặc điểm nguy hiểm điển hình của hiện tượng bão hoặc áp thấp nhiệt đới đổ bộ liên tiếp vào miền Trung là gì?,"Bão hoặc bão và ATNĐ đổ bộ liên tiếp là loại thiên tai rất nguy hiểm:
* Trong thời gian ngắn (8-15 ngày) có 2 - 3, thậm chí 4 cơn bão hoặc bão
và ATNĐ đổ bộ liên tiếp, có khi cùng vào một khu vực;
* Bão hoặc ATNĐ vào thường có KKL tác động làm thiên tai càng nguy
hiểm hơn;
* Mưa thường rất to, cường độ rất lớn, diện mưa rộng, kéo dài nhiều ngày
(7-15 ngày);
* Lũ lụt nghiêm trọng trên nhiều triền sông, có khi xảy ra lũ lịch sử;
* Thiệt hại về người và tài sản thường rất lớn.",Bão hoặc bão và ATNĐ đổ bộ liên tiếp là loại thiên tai rất nguy hiểm với các đặc điểm: trong thời gian ngắn (8-15 ngày) có 2-3 thậm chí 4 cơn bão/ATNĐ đổ bộ liên tiếp (có khi vào cùng một khu vực); thường kết hợp với không khí lạnh làm thiên tai thêm nguy hiểm; mưa rất to cường độ lớn trên diện rộng kéo dài 7-15 ngày; gây lũ lụt nghiêm trọng hoặc lũ lịch sử trên nhiều triền sông; và gây thiệt hại rất lớn về người và tài sản.,a3515bb7de4f407c999b38eaad2be279.md,typhoon_flood,Hình thái thiên tai bão và ATNĐ đổ bộ liên tiếp,medium,"bão liên tiếp, ATNĐ, không khí lạnh, mưa kéo dài, lũ lụt nghiêm trọng"
TERRA_QA_086,"Biện pháp cấp bách nào được kiến nghị hàng đầu để tăng cường mạng trạm quan trắc khí tượng thủy văn theo dõi bão, ATNĐ tại miền Trung?","## 4. Biện pháp, giải pháp trước mắt và lâu dài tăng cường năng lực phục vụ KTTV

Trên cơ sở đánh giá chung hiện trạng công tác KTTV ở miền Trung trong những năm qua, sau khi phân tích những đặc điểm địa lý tự nhiên; quy luật mưa, bão, lũ; những tồn tại trên mạng lưới trạm quan trắc (số lượng trạm, phân bố, loại thiệt bị đo, công nghệ và thiết bị lưu trữ, truyền tin,...); các công cụ và phương tiện cảnh báo, dự báo; cơ cấu tổ chức hiện hành cùng trình độ chuyên môn nghiệp vụ của đội ngũ cán bộ từ quan trắc viên đến dự báo viên, có thể kiến nghị một số biện pháp và giải pháp trước mắt và lâu dài nhằm tăng cường năng lực theo dõi, quan trắc cảnh báo và dự báo KTTV phục vụ phòng tránh thiên tai ở miền Trung như sau:

1.  Tăng cường khẩn cấp mạng trạm theo dõi quan trắc bão, ATNĐ từ xa, từ trên cao và gần mặt đất, trước hết là các trạm tự động trên đảo, trạm phao, rada thời tiết quan sát trên vùng biển Đông (nơi hiện rất ít trạm) để phát hiện, theo dõi, dự báo chính xác hơn, sớm hơn tác động của bão, ATNĐ và các hiện tượng thời tiết nguy hiểm kèm theo. Xem xét việc bổ sung các trạm ở các vùng kinh tế mới, khu vực có các công trình trọng điểm.","Kiến nghị tăng cường khẩn cấp mạng trạm theo dõi quan trắc bão, ATNĐ từ xa, từ trên cao và gần mặt đất, trước hết là các trạm tự động trên đảo, trạm phao, ra-đa thời tiết quan sát trên vùng biển Đông (nơi còn rất ít trạm) để phát hiện, theo dõi và dự báo chính xác hơn, sớm hơn tác động của bão, ATNĐ cùng các hiện tượng thời tiết nguy hiểm kèm theo; đồng thời xem xét bổ sung các trạm ở vùng kinh tế mới và khu vực có công trình trọng điểm.",a3515bb7de4f407c999b38eaad2be279.md,community_governance,Giải pháp nâng cao năng lực quan trắc dự báo KTTV,medium,"quan trắc, dự báo KTTV, trạm tự động, trạm phao, rada thời tiết, biển Đông"
TERRA_QA_087,Mục tiêu ban hành cuốn Sổ tay hướng dẫn xây dựng phương án ứng phó thiên tai theo các cấp độ rủi ro thiên tai (thuộc Dự án Quản lý rủi ro thiên tai VN-Haz/WB5) là gì?,"Theo quy định tại điểm a, khoản 4 Điều 22, Luật Phòng chống thiên tai, Ban Chỉ đạo Trung ương về phòng chống thiên tai phối hợp với Ủy ban Quốc gia Tìm kiếm Cứu nạn (nay là Ủy ban Quốc gia Ứng phó sự cố, thiên tai và Tìm kiếm cứu nạn) hướng dẫn xây dựng phương án ứng phó thiên tai theo các cấp độ rủi ro thiên tai. Do vậy, cuốn Sổ tay hướng dẫn này được xây dựng và ban hành nhằm mục đích hướng dẫn Ban Chỉ huy PCTT và TKCN các Bộ, ngành, địa phương, các cơ quan, đơn vị và người dân triển khai xây dựng phương án và các biện pháp ứng phó đối với các loại hình thiên tai trên địa bàn sát với tình hình thiên tai thực tế của từng địa phương, góp phần nâng cao năng lực ứng phó thiên tai của các tổ chức, đơn vị; nâng cao khả năng phối hợp và hỗ trợ của các lực lượng và chính quyền các cấp nhằm hạn chế thiệt hại do thiên tai gây ra, đảm bảo phát triển bền vững.","Cuốn Sổ tay hướng dẫn này được ban hành theo quy định tại điểm a, khoản 4 Điều 22 Luật Phòng chống thiên tai nhằm hướng dẫn Ban Chỉ huy PCTT và TKCN các Bộ, ngành, địa phương, các cơ quan đơn vị và người dân triển khai xây dựng phương án và các biện pháp ứng phó đối với các loại hình thiên tai sát với thực tế từng địa phương. Qua đó góp phần nâng cao năng lực ứng phó thiên tai của các tổ chức, đơn vị; nâng cao khả năng phối hợp và hỗ trợ giữa các lực lượng và chính quyền các cấp nhằm hạn chế tối đa thiệt hại về người và tài sản, đảm bảo phát triển bền vững.",a6cdc8f0e8ee43b19e884d0ee89d5474.md,community_governance,Mục tiêu và đối tượng Sổ tay phương án ứng phó thiên tai,easy,"sổ tay, WB5, Điều 22 Luật PCTT, phương án ứng phó, cấp độ rủi ro"
TERRA_QA_088,Những văn bản quy phạm pháp luật và căn cứ pháp lý nền tảng nào được sử dụng để xây dựng Sổ tay phương án ứng phó thiên tai theo cấp độ rủi ro?,"Sổ tay được biên soạn dựa trên cơ sở pháp lý:
- Luật Phòng, chống thiên tai số 33/2013/QH13 ngày 19/6/2013;
- Luật Đê điều số 79/2006/QH11, ngày 29/11/2006;
- Chiến lược Quốc gia về phòng chống và giảm nhẹ thiên tai đến năm 2020;
- Nghị định số 160/NĐ-CP ngày 29/11/2018 của Chính phủ quy định chi tiết, hướng dẫn thi hành một số điều của Luật Phòng, chống thiên tai;
- Nghị quyết số 120/NQ-CP ngày 17/11/2017 của Chính phủ về phát triển bền vững vùng đồng bằng sông Cửu Long;
- Quyết định số 44/2014/QĐ-TTg ngày 15/8/2014 của Thủ tướng Chính phủ quy định chi tiết về cấp độ rủi ro thiên tai;
- Chỉ thị số 03/CT-TTg ngày 03/2/2016 của Thủ tướng Chính phủ về công tác phòng chống thiên tai và tìm kiếm cứu nạn giai đoạn 2016-2020;
- Công văn số 47/TWPCTT ngày 19/5/2015 của Ban Chỉ đạo Trung ương về phòng, chống thiên tai về việc định hướng xây dựng phương án ứng phó thiên tai theo cấp độ rủi ro thiên tai.","Sổ tay được biên soạn dựa trên các cơ sở pháp lý chủ yếu gồm: Luật Phòng, chống thiên tai số 33/2013/QH13; Luật Đê điều số 79/2006/QH11; Chiến lược Quốc gia về phòng chống và giảm nhẹ thiên tai đến năm 2020; Nghị định số 160/NĐ-CP ngày 29/11/2018; Nghị quyết số 120/NQ-CP ngày 17/11/2017 về phát triển bền vững ĐBSCL; Quyết định số 44/2014/QĐ-TTg ngày 15/8/2014 của Thủ tướng Chính phủ quy định chi tiết về cấp độ rủi ro thiên tai; Chỉ thị số 03/CT-TTg ngày 03/2/2016; và Công văn số 47/TWPCTT ngày 19/5/2015 của Ban Chỉ đạo Trung ương về phòng, chống thiên tai.",a6cdc8f0e8ee43b19e884d0ee89d5474.md,community_governance,Căn cứ pháp lý xây dựng phương án ứng phó rủi ro thiên tai,medium,"cơ sở pháp lý, Luật PCTT, Luật Đê điều, Quyết định 44, Nghị định 160"
TERRA_QA_089,"Rủi ro thiên tai được định nghĩa như thế nào và công thức UN-ISDR biểu diễn mối tương quan giữa Cường độ thiên tai, Tình trạng dễ bị tổn thương và Năng lực ứng phó ra sao?","Rủi ro thiên tai là thiệt hại mà thiên tai có thể gây ra về người, tài sản, môi trường, điều kiện sống và hoạt động kinh tế - xã hội.

Việc đánh giá rủi ro thiên tai dựa vào nhiều yếu tố, một số yếu tố chính bao gồm: đánh giá nguy cơ thiên tai, đánh giá tính dễ bị tổn thương, đánh giá năng lực ứng phó của cộng đồng và đánh giá mức độ rủi ro, xác định giải pháp khắc phục.

Với mỗi loại hình thiên tai, mức độ rủi ro đối với cộng đồng sẽ có tương quan thuận với cường độ thiên tai, với tình trạng dễ bị tổn thương và tương quan nghịch với năng lực của cộng đồng. Tương quan này theo UN-ISDR có thể được diễn tả một cách tương đối trong công thức dưới đây

> [MÔ TẢ HÌNH ẢNH/SƠ ĐỒ]: Sơ đồ biểu diễn mối quan hệ giữa các yếu tố cấu thành rủi ro thiên tai. Công thức được trình bày như sau:
> Rủi ro trong thiên tai = (Cường độ thiên tai & Tình trạng dễ bị tổn thương) / Năng lực ứng phó thiên tai

**Cường độ thiên tai:** Là độ mạnh yếu của từng loại hình thiên tai.
**Tình trạng dễ bị tổn thương:** Được xác định bằng các nhân tố hoặc quá trình vật lý, xã hội, kinh tế và môi trường, làm gia tăng tính nhạy cảm của cộng đồng đối với tác động của thiên tai.
**Năng lực ứng phó:** Là sự kết hợp của tất cả các nguồn lực sẵn có trong một cộng đồng hoặc tổ chức mà có thể làm giảm mức độ rủi ro, hoặc tác động của thiên tai.
**Những yếu tố chịu rủi ro:** Là dân cư, tài sản, các hoạt động kinh tế, các dịch vụ công cộng hay bất kỳ những gì đang đặt vào tình thế dễ bị tổn thương do thiên tai tại một khu vực xác định.

Nói cách khác, rủi ro trong thiên tai sẽ tăng lên nếu cường độ và tần suất của thiên tai càng lớn và tính dễ bị tổn thương của cộng đồng càng cao. Ngược lại, khi năng lực ứng phó với thiên tai của cộng đồng càng tốt thì làm cho nguy cơ rủi ro thiên tai càng giảm. Do đó, để giảm nhẹ rủi ro trong thiên tai, cộng đồng có thể thực hiện các hoạt động nhằm làm giảm nhẹ tác động của thiên tai, giảm bớt những yếu tố dẫn đến tình trạng dễ bị tổn thương và nâng cao khả năng ứng phó của cộng đồng.","Rủi ro thiên tai là thiệt hại mà thiên tai có thể gây ra về người, tài sản, môi trường, điều kiện sống và hoạt động kinh tế - xã hội. Theo UN-ISDR, mối quan hệ tương đối được biểu diễn qua công thức: Rủi ro trong thiên tai = (Cường độ thiên tai & Tình trạng dễ bị tổn thương) / Năng lực ứng phó thiên tai. Nghĩa là rủi ro sẽ tăng lên nếu cường độ, tần suất thiên tai càng lớn và tính dễ bị tổn thương của cộng đồng càng cao; ngược lại rủi ro sẽ giảm đi khi năng lực ứng phó của cộng đồng được nâng cao.",a6cdc8f0e8ee43b19e884d0ee89d5474.md,risk_assessment_mapping,Khái niệm và mô hình cấu thành rủi ro thiên tai UN-ISDR,medium,"rủi ro thiên tai, công thức UNISDR, cường độ, dễ bị tổn thương, năng lực ứng phó"
TERRA_QA_090,Các tiêu chí căn bản nào được quy định để xác định và phân cấp độ rủi ro thiên tai?,"Cấp độ rủi ro thiên tai là sự phân định mức độ thiệt hại do thiên tai có thể gây ra về người, tài sản, môi trường, điều kiện sống và hoạt động kinh tế - xã hội.

Cấp độ rủi ro thiên tai được xác định cho từng loại hình thiên tai và được công bố cùng nội dung bản tin dự báo, cảnh báo về thiên tai.

Tiêu chí phân cấp độ rủi ro thiên tai dựa vào:

*   Cường độ hoặc mức độ nguy hiểm của thiên tai.
*   Phạm vi ảnh hưởng.
*   Khả năng gây thiệt hại đến tính mạng, tài sản, công trình hạ tầng và môi trường.
*   Mức độ phơi bày trước thiên tai.
*   Khả năng ứng phó với thiên tai.","Cấp độ rủi ro thiên tai là sự phân định mức độ thiệt hại do thiên tai có thể gây ra về người, tài sản, môi trường, điều kiện sống và hoạt động kinh tế - xã hội. Tiêu chí phân cấp độ rủi ro thiên tai dựa vào 5 yếu tố căn bản: 1) Cường độ hoặc mức độ nguy hiểm của thiên tai; 2) Phạm vi ảnh hưởng; 3) Khả năng gây thiệt hại đến tính mạng, tài sản, công trình hạ tầng và môi trường; 4) Mức độ phơi bày trước thiên tai; và 5) Khả năng ứng phó với thiên tai.",a6cdc8f0e8ee43b19e884d0ee89d5474.md,risk_assessment_mapping,Tiêu chí phân định cấp độ rủi ro thiên tai,easy,"tiêu chí phân cấp, cấp độ rủi ro, cường độ, phạm vi ảnh hưởng, khả năng ứng phó"
TERRA_QA_091,"Trong quá trình xây dựng phương án ứng phó, việc đánh giá năng lực ứng phó thiên tai trên cơ sở phương châm ""4 tại chỗ"" bao gồm những nội dung thu thập thông tin nào?","## 4.2. Đánh giá năng lực ứng phó thiên thai (được đánh giá trên cở sở 4 tại chỗ)

Năng lực ứng phó thiên tai của tổ chức, cá nhân là quá trình thu thập, tổng hợp và phân tích thông tin về nguồn lực (con người, cơ sở vật chất, tài chính), giải pháp công trình và phi công trình trên địa bàn gồm:

- Đánh giá các kinh nghiệm kỹ năng sẵn có của mỗi cá nhân, gia đình, cộng đồng có thể thực hiện trước, trong và sau thiên tai theo phương châm 4 tại chỗ.
- Xác định lực lượng này ở đâu, do ai quản lý, cách sử dụng và tổ chức huy động như thế nào.
- Năng lực tổ chức di dời sơ tán dân (địa điểm, phương tiện, tổ chức điều hành).
- Năng lực cứu hộ cứu nạn (con người, phương tiện, trang thiết bị).
- Hệ thống công trình, cơ sở hạ tầng (nhà kiên cố, đường cứu hộ, hệ thống đê điều...).","Năng lực ứng phó được đánh giá qua việc thu thập, phân tích thông tin về nguồn lực (con người, cơ sở vật chất, tài chính), giải pháp công trình và phi công trình gồm: Đánh giá kinh nghiệm kỹ năng sẵn có của mỗi cá nhân, gia đình, cộng đồng có thể thực hiện trước, trong và sau thiên tai theo phương châm 4 tại chỗ; Xác định lực lượng này ở đâu, do ai quản lý, cách sử dụng và tổ chức huy động; Năng lực tổ chức di dời sơ tán dân (địa điểm, phương tiện, điều hành); Năng lực cứu hộ cứu nạn (con người, phương tiện, trang thiết bị); và Hệ thống công trình cơ sở hạ tầng (nhà kiên cố, đường cứu hộ, hệ thống đê điều...).",a6cdc8f0e8ee43b19e884d0ee89d5474.md,community_governance,Đánh giá năng lực ứng phó theo phương châm 4 tại chỗ,medium,"năng lực ứng phó, 4 tại chỗ, sơ tán dân, cứu hộ cứu nạn, cơ sở hạ tầng"
TERRA_QA_092,"Thế nào là đánh giá tình trạng dễ bị tổn thương và những nhóm đối tượng, công trình, hoạt động nào cần đặc biệt tách biệt để có biện pháp hỗ trợ?","### 4.3. Đánh giá về tình trạng dễ bị tổn thương

Đánh giá về tình trạng dễ bị tổn thương là quá trình thu thập, tổng hợp và phân tích thông tin về dân cư, cơ sở hạ tầng, hoạt động kinh tế văn hóa, xã hội đang ở trong điều kiện an toàn, dễ bị thiệt hại do từng loại thiên tai gây ra.

- Phân tích nguyên nhân dẫn đến tình trạng dễ bị tổn thương.
- Các thông tin thu thập cần tách biệt đối tượng dễ bị tổn thương nhất, số liệu nam, nữ, người khuyết tật, người già, trẻ em để có biện pháp hỗ trợ phù hợp khi xảy ra thiên tai.
- Xác định các công trình xung yếu như đê điều, hồ đập, đường, trạm, trại nơi trú ẩn neo đậu của tàu thuyền.
- Xác định các hoạt động dễ bị tổn thương như đánh bắt thủy hải sản, với củi, gỗ khi có lũ, giao thông qua các ngầm tràn, người ở trên các chòi canh nuôi, trồng thủy sản.","Đánh giá tình trạng dễ bị tổn thương là quá trình thu thập, tổng hợp và phân tích thông tin về dân cư, cơ sở hạ tầng, hoạt động kinh tế - xã hội đang ở trong điều kiện dễ bị thiệt hại do từng loại thiên tai gây ra. Các thông tin thu thập cần đặc biệt tách biệt: Đối tượng dễ bị tổn thương nhất (số liệu nam, nữ, người khuyết tật, người già, trẻ em) để có biện pháp hỗ trợ sơ tán phù hợp; Các công trình xung yếu (đê điều, hồ đập, đường sá, trạm xá, nơi trú ẩn neo đậu tàu thuyền); và Các hoạt động dễ tổn thương (đánh bắt thủy hải sản, vớt củi gỗ trên sông khi lũ, lưu thông qua ngầm tràn, chòi canh nuôi trồng thủy sản).",a6cdc8f0e8ee43b19e884d0ee89d5474.md,vulnerability_evacuation,Đánh giá tình trạng và các đối tượng dễ bị tổn thương,medium,"dễ bị tổn thương, đối tượng DBTT, người già, trẻ em, khuyết tật, ngầm tràn"
TERRA_QA_093,Bản đồ rủi ro thiên tai (bản đồ tác chiến) dùng trong chỉ huy ứng phó tại chỗ cần thể hiện đầy đủ những thông tin và khu vực trọng điểm nào?,"## 4.5. Lập bản đồ rủi ro thiên tai

Khi xây dựng phương án ứng phó thiên tai cần được thể hiện trên bản đồ hoặc bản sơ họa (hay là bản đồ tác chiến) và thường xuyên cập nhật, bổ sung thông tin vào bản đồ để phục vụ công tác chỉ đạo, chỉ huy ứng phó. Bản đồ hoặc bản sơ họa được treo tại các ban chỉ huy PCTT và TKCN các cấp hoặc một số nơi công cộng để có thể theo dõi được dễ dàng. Trên cơ sở tài liệu thu thập được tiến hành vẽ bản đồ rủi ro thiên tai để chủ động ứng phó với các tình huống thiên tai.

Bản đồ hoặc bản sơ họa cần thể hiện các nội dung sau:
- Xác định danh sách các cơ quan chỉ huy, tên, điện thoại các đồng chí phụ trách các lĩnh vực;
- Khoanh vùng hoặc tô mầu các khu vực bị ảnh hưởng trực tiếp, các khu vực bị ảnh hưởng gián tiếp theo các màu khác nhau;
- Xác định vị trí các khu neo đậu tàu thuyền, các khu trú tránh bão an toàn;
- Xác định các vùng dự kiến phải sơ tán (số lượng/số nhân khẩu cần sơ tán);
- Xác định các địa điểm, vị trí sơ tán đến;
- Xác định vị trí trọng điểm, xung yếu của các công trình, cơ sở hạ tầng quan trọng cần phải được bảo vệ;
- Xác định vị trí, địa điểm các nguồn lực sẽ được huy động (số lượng phương tiện, vật tư, lương thực, nhu yếu phẩm; vị trí tập kết các nguồn lực này tại đâu?
- Xác định các tuyến đường huyết mạch giữa các thôn/xã và giữa các huyện để thuận tiện trong quá trình chỉ đạo, di chuyển;
- Phương án cứu hộ, cứu nạn;
- Thể hiện các nội dung khác (nếu có);
- Hàng năm tổ chức diễn tập phòng chống bão với các kịch bản có thể xảy ra.","Bản đồ rủi ro thiên tai cần thể hiện các nội dung: Danh sách cơ quan chỉ huy, tên và số điện thoại cán bộ phụ trách các lĩnh vực; Khoanh vùng/tô màu các khu vực bị ảnh hưởng trực tiếp và gián tiếp theo màu sắc quy định; Vị trí neo đậu tàu thuyền, khu trú tránh bão an toàn; Vùng dự kiến phải sơ tán dân (số lượng hộ/nhân khẩu) và địa điểm sơ tán đến; Vị trí xung yếu, trọng điểm của các công trình cơ sở hạ tầng cần bảo vệ; Vị trí tập kết các nguồn lực huy động (phương tiện, vật tư, lương thực, nhu yếu phẩm); Tuyến đường giao thông huyết mạch phục vụ chỉ đạo di chuyển; Phương án cứu hộ, cứu nạn; và tổ chức diễn tập hàng năm theo các kịch bản.",a6cdc8f0e8ee43b19e884d0ee89d5474.md,risk_assessment_mapping,Nội dung thể hiện trên Bản đồ rủi ro thiên tai tác chiến,hard,"bản đồ rủi ro, bản đồ tác chiến, khoanh vùng, điểm sơ tán, tuyến đường huyết mạch"
TERRA_QA_094,Mục tiêu và nguyên tắc xây dựng phương án ứng phó thiên tai từ cấp cơ sở lên cấp tỉnh được tổ chức theo phương pháp nào?,"### 5.1. Mục tiêu

Khi xây dựng phương án cần nêu được các mục tiêu của phương án, thể hiện được các nội dung sau:

- Huy động các nguồn lực để chủ động ứng phó có hiệu quả trước mọi tình huống thiên tai có thể xảy ra trong phạm vi quản lý, hạn chế đến mức thấp nhất thiệt hại về người, tài sản, tài nguyên thiên nhiên, môi trường, di sản văn hóa, cơ sở hạ tầng và các công trình trọng yếu do thiên tai có thể gây ra, góp phần quan trọng phát triển bền vững kinh tế - xã hội của ngành và địa phương.
- Các đơn vị, địa phương trên địa bàn được phân công, chủ động xây dựng phương án ứng phó để làm cơ sở xây dựng phương án ứng phó thiên tai ở cấp cao hơn nhằm ứng phó kịp thời, đạt hiệu quả với từng tình huống cụ thể do thiên tai gây ra.
- Đảm bảo an toàn về người và tài sản của nhân dân, chủ động sơ tán dân ra khỏi vùng nguy hiểm, hạn chế thấp nhất mọi rủi ro gây ra.
- Bảo vệ các công trình quan trọng về an ninh Quốc gia, phòng, chống thiên tai, công trình trọng điểm trên địa bàn được phân công, đảm bảo các công trình giao thông, thông tin liên lạc hoạt động thông suốt.
- Bảo đảm an ninh trật tự vùng bị thiên tai.

### 5.2. Phương pháp và nguyên tắc xây dựng phương án

Phương pháp chính của việc lập Phương án là xây dựng từ dưới lên (từ cấp cơ sở lên) theo sơ đồ hình 1.

> [MÔ TẢ HÌNH ẢNH/SƠ ĐỒ]: Hình ảnh là một sơ đồ khối (flowchart) mô tả phương pháp lập phương án ứng phó với thiên tai, có tiêu đề ""SƠ ĐỒ LẬP PHƯƠNG ÁN"".
>
> Các khối trong sơ đồ và mối quan hệ:
> 1.  **UBND xã, phường:** Đây là điểm khởi đầu của quy trình từ cấp cơ sở.
> 2.  **UBND huyện, TP:** Nhận thông tin từ ""UBND xã, phường"" thông qua mũi tên chỉ lên.
> 3.  **Sở, ban, ngành:** Nhận thông tin từ ""UBND huyện, TP"" thông qua mũi tên chỉ sang.
> 4.  **UBND tỉnh:** Nhận thông tin từ ""UBND huyện, TP"" và ""Sở, ban, ngành"" thông qua các mũi tên chỉ lên và chỉ sang.
>
> Các mũi tên được chú thích:
> *   Mũi tên liền nét chỉ lên hoặc sang ngang: ""Quan hệ từ dưới lên""
> *   Mũi tên nét đứt chỉ lên hoặc sang ngang: ""Quan hệ phối hợp""
>
> Sơ đồ thể hiện một quy trình lập phương án từ cấp thấp nhất (xã, phường) lên cấp cao hơn (huyện, thành phố), sau đó đến các sở, ban, ngành và cuối cùng là cấp tỉnh, với sự phối hợp giữa các cấp.","Mục tiêu là huy động tối đa các nguồn lực chủ động ứng phó hiệu quả, hạn chế thấp nhất thiệt hại về người và tài sản, chủ động sơ tán dân khỏi vùng nguy hiểm, bảo vệ công trình trọng điểm an ninh quốc gia và duy trì thông suốt giao thông liên lạc. Nguyên tắc xây dựng phương án được thực hiện theo phương pháp từ dưới lên (từ cấp cơ sở lên): bắt đầu từ UBND cấp xã/phường xây dựng phương án cơ sở, gửi lên UBND cấp huyện/thành phố tổng hợp, phối hợp với các sở, ban, ngành chuyên môn, và hoàn thiện trình UBND cấp tỉnh phê duyệt.",a6cdc8f0e8ee43b19e884d0ee89d5474.md,community_governance,Mục tiêu và phương pháp lập phương án từ dưới lên,medium,"mục tiêu phương án, phương pháp từ dưới lên, xã lên huyện tỉnh, phối hợp liên ngành"
TERRA_QA_095,Nội dung cơ bản của phương án ứng phó thiên tai theo cấp độ rủi ro gồm các bước nào và bão/ATNĐ được phân chia thành những thời điểm ứng phó nào?,"### 5.4. Nội dung phương án ứng phó với thiên tai theo cấp độ rủi ro thiên tai

Nội dung phương án ứng phó với thiên tai theo cấp độ rủi ro thiên tai bao gồm:
*   Xác định thời điểm ứng phó.
*   Xác định các kịch bản ứng phó thiên tai.
*   Xác định đối tượng/phạm vi ảnh hưởng theo từng thời điểm.
*   Đề xuất các phương án, giải pháp ứng phó tương ứng với các kịch bản.
*   Một số điểm lưu ý trong phương án (Lưu ý cho các vùng, miền đặc trưng).

Theo Quyết định số 44/2014/QĐ-TTg ngày 15/8/2014 của Thủ tướng Chính phủ, cấp độ rủi ro thiên tai được quy định theo 15 nhóm loại hình thiên tai, mặt khác loại hình thiên tai lũ quét và sạt lở, sụt lún đất do mưa lũ hoặc dòng chảy; hạn hán và xâm nhập mặn thường đi liền với nhau cho nên phương án ứng phó với thiên tai theo cấp độ rủi ro thiên tai sẽ được xây dựng theo 13 nhóm loại hình thiên tai này.

### 5.4.1. Hướng dẫn xây dựng phương án ứng phó với bão, ATNĐ

**Bước 1: Thời điểm ứng phó với bão, ATNĐ**

Khi có tin bão (ATNĐ) cần xác định thời điểm ứng phó, gồm:

*   Tin bão, (ATNĐ) gần biển Đông di chuyển nhanh, có khả năng gây nguy hiểm cho các hoạt động trên biển Đông.
*   Tin bão, (ATNĐ) trên biển Đông.
*   Tin bão, (ATNĐ) gần bờ.
*   Tin bão khẩn cấp (bão đổ bộ vào đất liền).
*   Tin bão (ATNĐ) trên đất liền.
*   Tin cuối cùng về bão (ATNĐ).","Nội dung phương án ứng phó gồm: Xác định thời điểm ứng phó; Xác định các kịch bản ứng phó; Xác định đối tượng, phạm vi ảnh hưởng theo từng thời điểm; Đề xuất phương án, giải pháp ứng phó tương ứng với các kịch bản; và Một số điểm lưu ý đặc thù vùng miền. Khi có bão hoặc áp thấp nhiệt đới (ATNĐ), các thời điểm ứng phó được phân định gồm: 1) Tin bão/ATNĐ gần biển Đông di chuyển nhanh; 2) Tin bão/ATNĐ trên biển Đông; 3) Tin bão/ATNĐ gần bờ; 4) Tin bão khẩn cấp (bão đổ bộ đất liền); 5) Tin bão/ATNĐ trên đất liền; và 6) Tin cuối cùng về bão/ATNĐ.",a6cdc8f0e8ee43b19e884d0ee89d5474.md,typhoon_flood,Khung nội dung phương án và thời điểm ứng phó bão ATNĐ,hard,"nội dung phương án, thời điểm ứng phó, bão khẩn cấp, kịch bản ứng phó"
TERRA_QA_096,"Trong tình huống bão, áp thấp nhiệt đới, Ban Chỉ huy PCTT&TKCN cấp xã phải khẩn trương triển khai các biện pháp ứng phó cụ thể nào đối với tàu thuyền và phương tiện?","iii) Cấp xã:
- Thực hiện các công điện, thông báo, chỉ đạo của cấp trên;
- Thực hiện các phương án ứng phó về:
    + Thông tin truyền thông về cơn bão (ATNĐ);
    + Theo dõi, nắm bắt thông tin về tàu thuyền, phương tiện đang hoạt động trên biển: Số lượng phương tiện, người ở trên phương tiện, vị trí hoạt động, nắm bắt liên lạc thường xuyên,...;
    + Phối hợp với các Đồn, Trạm biên phòng thông tin tới các phương tiện tàu, tàu du lịch, thuyền và các phương tiện đang hoạt động trên biển biết về vị trí, hướng di chuyển và diễn biến của bão, ATNĐ để chủ động các biện pháp phòng tránh;
    + Thông tin tới gia đình và chủ phương tiện; liên lạc thường xuyên với tàu thuyền đang hoạt động trên biển","Cấp xã phải: Thực hiện nghiêm các công điện, thông báo chỉ đạo của cấp trên; Thông tin truyền thông kịp thời về diễn biến bão/ATNĐ; Theo dõi, nắm bắt số lượng tàu thuyền, số lao động trên tàu, vị trí và giữ liên lạc thường xuyên; Phối hợp với các Đồn, Trạm biên phòng thông tin tới các phương tiện tàu bè, tàu du lịch để chủ động di chuyển phòng tránh; Thông tin tới gia đình và chủ phương tiện; và duy trì liên lạc thường xuyên với tàu thuyền đang hoạt động trên biển.",a6cdc8f0e8ee43b19e884d0ee89d5474.md,community_governance,Trách nhiệm và nhiệm vụ ứng phó bão của Ban Chỉ huy cấp xã,medium,"cấp xã, ứng phó bão, tàu thuyền, đồn biên phòng, thông tin liên lạc"
TERRA_QA_097,"Công tác chỉ đạo huy động lực lượng, phương tiện và hậu cần tại chỗ để ứng phó và khắc phục hậu quả thiên tai, lũ quét, sạt lở đất gồm những nhiệm vụ ưu tiên nào?","Lực lượng, phương tiện và hậu cần tại chỗ:

*   Huy động lực lượng, phương tiện để cứu chữa kịp thời những người bị thương; người bị thương nặng phải được chuyển nhanh lên tuyến trên để cứu chữa; khẩn trương tìm kiếm những người còn mất tích;
*   Huy động lực lượng để sơ tán, di chuyển những người còn sống sót tới nơi an toàn; dựng lều bạt; cứu trợ khẩn cấp các điều kiện thiết yếu cho đồng bào; động viên, thăm hỏi, chia sẻ đau thương mất mát, hỗ trợ kịp thời về vật chất và tinh thần cho những người bị mất người thân, mất mát tài sản;
*   Huy động lực lượng phối hợp với cộng đồng thôn, bản và thân nhân người bị nạn thực hiện việc chôn cất người bị chết theo phong tục của địa phương và thực hiện kịp thời hỗ trợ mai táng phí;
*   Thống kê, đánh giá mức độ thiệt hại thực tế, đối chiếu chính sách hiện hành quy định hiện hành để trình Trưởng Ban chỉ đạo Trung ương về PCTT hoặc Chính phủ xét, quyết định mức cứu trợ khẩn cấp cho các gia đình bị thiệt hại do thiên tai gây ra;
*   Tổ chức khắc phục hậu quả do lũ quét, sạt lở đất gây ra, gồm:
    *   Hệ thống thông tin liên lạc phải được ưu tiên hàng đầu để chính quyền ở cấp cơ sở báo cáo được tình hình thiệt hại do thiên tai gây ra trên địa bàn và những yêu cầu cần được cứu hộ, cứu nạn, cứu trợ khẩn cấp;
    *   Hệ thống giao thông, cầu cống và đường dân sinh đảm bảo cho công tác cứu hộ, cứu nạn, công tác cứu trợ khẩn cấp có thể tiếp cận sớm nhất với đồng bào vùng bị thiên tai;
    *   Dọn dẹp vệ sinh môi trường, đặc biệt là môi trường để phòng tránh dịch bệnh phát sinh. Khi phát hiện có dấu hiệu của dịch bệnh phải tập trung lực lượng, phương tiện khoanh vùng, bao vây, dập tắt dịch trong thời gian ngắn nhất, hạn chế lây lan ra cộng đồng;
*   Thực hiện cứu hộ, cứu nạn đối với người, công trình và cơ sở hạ tầng khu vực bị thiệt hại;
*   Triển khai lực lượng đảm bảo an ninh trật tự khu vực bị thiệt hại.","Các nhiệm vụ ưu tiên gồm: Huy động lực lượng, phương tiện cứu chữa kịp thời người bị thương (chuyển nặng lên tuyến trên) và khẩn trương tìm kiếm người mất tích; Sơ tán người sống sót tới nơi an toàn, dựng lều bạt, cứu trợ khẩn cấp lương thực nhu yếu phẩm thiết yếu, thăm hỏi hỗ trợ tinh thần và vật chất; Phối hợp với gia đình và thôn bản tổ chức mai táng và hỗ trợ mai táng phí; Thống kê thiệt hại trình cấp thẩm quyền hỗ trợ; Ưu tiên hàng đầu khôi phục hệ thống thông tin liên lạc để báo cáo chỉ đạo cứu trợ; Khôi phục đường giao thông, cầu cống dân sinh để tiếp cận cứu nạn; Dọn dẹp vệ sinh môi trường phòng ngừa dịch bệnh bùng phát; Cứu hộ công trình và triển khai lực lượng giữ gìn an ninh trật tự.",a6cdc8f0e8ee43b19e884d0ee89d5474.md,first_aid_survival,Huy động lực lượng hậu cần tại chỗ khắc phục hậu quả thiên tai,hard,"hậu cần tại chỗ, cứu trợ khẩn cấp, tìm kiếm người mất tích, thông tin liên lạc, vệ sinh môi trường"
TERRA_QA_098,Những lưu ý trọng tâm khi xây dựng phương án ứng phó với lũ quét và sạt lở đất tại các khu vực xung yếu là gì?,"Những lưu ý khi xây dựng phương án ứng phó với lũ quét, sạt lở đất

Lũ quét, sạt lở đất là loại hình thiên tai xảy ra bất ngờ, phạm vi hẹp nhưng sức tàn phá lớn và thường gây thiệt hại nghiêm trọng về người và tài sản. Tuy chưa dự báo được loại hình thiên tai này nhưng có thể chủ động phòng tránh bằng cách khoanh vùng những nơi có nguy cơ cao xảy ra lũ quét, sạt lở đất, đặc biệt là trong các trường hợp mưa lớn nhiều ngày hoặc các hình thế thời tiết khác. Do vậy, phương án ứng phó với lũ quét, sạt lở đất cần phải chú trọng đến các nội dung:

## a) Xây dựng bản đồ, khoanh vùng các điểm có nguy cơ cao về lũ quét, sạt lở đất, tai biến địa chất, trên bản đồ thể các nội dung:

*   Xác định các vị trí theo các màu khác nhau;
*   Xác định số hộ/nhân khẩu tại các vị trí đã khoanh vùng;
*   Xác định lực lượng tại chỗ các khu vực đã khoanh vùng (dân quân tự vệ, xung kích, quân đội, công an khu vực,...);
*   Xác định các nguồn lực (phương tiện, vật tư,...) tại các vị trí đã khoanh vùng để có thể huy động khi cần thiết;
*   Xác định các tuyến đường giữa các thôn/bản để thuận tiện trong công tác chỉ đạo, chỉ huy hiện trường và sơ tán dân khi cần thiết.

## b) Chú trọng công tác tuyên truyền, phổ biến kiến thức, kỹ năng ứng phó tới tận thôn bản để người dân hiểu, nắm bắt thông tin về rủi ro thiên tai do lũ quét, sạt lở đất.

## c) Đảm bảo thông tin liên lạc giữa các thôn/bản với cơ quan chỉ đạo chỉ huy để xử lý các sự cố.

## d) Cắm các biển cảnh báo, bố trí lực lượng ứng trực để kiểm soát, ngăn chặn người, phương tiện tại các vị trí sạt lở đất đá và ở các ngầm qua sông, suối khi có mưa lũ lớn, kéo dài nhiều ngày.

## đ) Chú trọng phương án tìm kiếm cứu nạn, cứu hộ sớm nhất có thể ngay sau khi lũ quét, sạt lở đất xảy ra để hạn chế thiệt hại về người, tài sản do thiên tai gây ra.","Do lũ quét và sạt lở đất xảy ra bất ngờ, sức tàn phá dữ dội và chưa thể dự báo chính xác, phương án cần chú trọng: a) Xây dựng bản đồ khoanh vùng các điểm nguy cơ cao (phân màu, xác định số hộ/nhân khẩu, điểm sơ tán an toàn); b) Chú trọng tuyên truyền, phổ biến kiến thức kỹ năng ứng phó đến tận thôn bản; c) Đảm bảo thông tin liên lạc thông suốt giữa thôn bản với ban chỉ đạo chỉ huy; d) Cắm biển cảnh báo và bố trí lực lượng canh gác kiểm soát nghiêm ngặt ngăn chặn người và phương tiện qua lại các vị trí sạt lở và ngầm tràn khi mưa lũ lớn; đ) Chú trọng phương án tìm kiếm cứu nạn sớm nhất có thể ngay sau khi thiên tai xảy ra.",a6cdc8f0e8ee43b19e884d0ee89d5474.md,landslide_flashflood,Những lưu ý cốt lõi ứng phó lũ quét và sạt lở đất,medium,"lũ quét, sạt lở đất, khoanh vùng nguy cơ, ngầm tràn, biển cảnh báo, TKCN"
TERRA_QA_099,"Trong tình huống mưa lũ lớn và ngập lụt, cấp tỉnh và cấp huyện cần thực hiện công tác chỉ đạo ứng phó thế nào đối với hồ chứa và an toàn người dân vùng trũng thấp?","Chỉ đạo việc phân công nhiệm vụ cho các đơn vị nắm chắc địa bàn, căn cứ vào bản tin dự báo, cảnh báo và tình hình diễn biến cụ thể của lũ, ngập lụt để triển khai các công việc ứng phó;
- Chỉ đạo đơn vị quản lý hồ chứa thực hiện nghiêm quy trình vận hành hồ chứa đã được duyệt;
- Chỉ đạo công tác sẵn sàng lực lượng để kịp thời cứu hộ, cứu nạn đối với vùng trung thấp, vùng có nguy cơ bị ngập lũ, các trọng điểm đối với các công trình phòng chống lũ (đê, kè, cống, hồ chứa,...).

b) Cấp huyện:
- Chỉ đạo, thực hiện công tác trực ban, theo dõi chặt chẽ diễn biến của mưa lũ và tình hình ngập lụt; thông tin, chỉ đạo từ Ban Chỉ đạo Trung ương về Phòng chống thiên tai và công điện của tỉnh;
- Chỉ đạo công tác phòng, tránh ứng phó với lũ và ngập lụt:
    + Nội dung về truyền thông tới cấp huyện, xã;
    + Nội dung về ứng phó đảm bảo an toàn cho người trong vùng bị ảnh hưởng của lũ, ngập lụt;
    + Nội dung về ứng phó đối với dân cư vùng ngập lụt nhất là đối với các đối tượng dễ bị tổn thương như trẻ em, người già, người dân mưu sinh trong vùng lũ như không vớt củi, không đi qua các vũng trũng thấp, vùng dòng lũ chảy xiết, vùng ngập lụt, trẻ em","Cấp tỉnh chỉ đạo phân công nhiệm vụ bám sát địa bàn theo diễn biến mưa lũ; chỉ đạo đơn vị quản lý hồ chứa thực hiện nghiêm quy trình vận hành hồ chứa đã được duyệt; chỉ đạo sẵn sàng lực lượng cứu hộ đê điều, hồ chứa, công trình trọng điểm. Cấp huyện thực hiện trực ban 24/24, theo dõi sát diễn biến ngập lụt, truyền thông xuống xã; triển khai ứng phó đảm bảo an toàn tính mạng nhân dân vùng lũ, đặc biệt đối với đối tượng dễ bị tổn thương (trẻ em, người già) và các hoạt động nguy hiểm như cấm người dân vớt củi, không đi qua các vùng trũng thấp, vùng dòng lũ chảy xiết; bảo vệ mùa màng và khu nuôi trồng thủy sản.",a6cdc8f0e8ee43b19e884d0ee89d5474.md,typhoon_flood,Chỉ đạo vận hành an toàn hồ chứa và bảo đảm tính mạng trong lũ lụt,medium,"vận hành hồ chứa, an toàn đê điều, ngập lụt, vùng trũng thấp, không vớt củi"
TERRA_QA_100,Ba bước cơ bản để xây dựng phương án ứng phó thiên tai theo cấp độ rủi ro và các yếu tố tự nhiên cần phân tích ở bước chuẩn bị gồm những gì?,"CÁC BƯỚC XÂY DỰNG ÁN ỨNG PHÓ THIÊN TAI THEO CẤP ĐỘ RRTT

Bước 1: Thu Thập phân tích thông tin.
Bước 2: Thực hiện đánh giá rủi ro thiên tai và tổng hợp phân tích kết quả đánh giá.
Bước 3: Xây dựng phương án ứng phó thiên tai theo các cấp độ rủi ro thiên tai.

# 3. CHUẨN BỊ XÂY DỰNG PHƯƠNG ÁN

## 3.1. Thu thập thông tin về điều kiện tự nhiên:

Vị trí địa lý và đặc điểm địa hình phải phân tích được các yếu tố liên quan đến thiên tai trên địa bàn, lĩnh vực quản lý: Sông ngòi, địa hình dốc, khu trũng thấp, khu vực hay bị sạt trượt; điều kiện địa hình tác động đến khí hậu tạo ra các loại thiên tai theo đặc trưng vùng (núi cao, thung lũng...); các khu vực bị phơi bày trước thiên tai ( Cửa sông, ven biển, ven sông suối..); các loại hình thiên tai do yếu tố địa hình, địa chất thường xảy ra trên địa bàn, lĩnh vực quản lý.","Ba bước cơ bản gồm: Bước 1: Thu thập phân tích thông tin; Bước 2: Thực hiện đánh giá rủi ro thiên tai và tổng hợp phân tích kết quả đánh giá; Bước 3: Xây dựng phương án ứng phó thiên tai theo các cấp độ rủi ro thiên tai. Ở bước chuẩn bị, việc thu thập thông tin về điều kiện tự nhiên cần phân tích: Vị trí địa lý, đặc điểm địa hình (sông ngòi, địa hình dốc, khu trũng thấp, khu vực hay bị sạt trượt); Điều kiện địa hình tác động khí hậu tạo thiên tai đặc trưng vùng (núi cao, thung lũng...); Các khu vực bị phơi bày trước thiên tai (cửa sông, ven biển, ven sông suối); và Các loại hình thiên tai do địa hình, địa chất thường xảy ra trên địa bàn quản lý.",a6cdc8f0e8ee43b19e884d0ee89d5474.md,risk_assessment_mapping,Quy trình các bước xây dựng phương án và phân tích điều kiện tự nhiên,medium,"các bước xây dựng phương án, điều kiện tự nhiên, địa hình, sông ngòi, chuẩn bị"
